"p","K","nu","delta","sparse","alpha","criterion","independent","detector","combine","ARL","CAD","PFA","power"
0,1,50,0.05,FALSE,0.05,"ARL",TRUE,"oracle","joint",29.16,4.88,0.75,0.25
0,1,50,0.05,FALSE,0.05,"ARL",TRUE,"misspec","joint",27.35,5.66666666666667,0.91,0.09
0,1,50,0.05,FALSE,0.05,"ARL",TRUE,"bounded","average",20.93,NA,1,0
0,2,50,0.05,FALSE,0.05,"ARL",TRUE,"oracle","joint",29.26,3.80769230769231,0.74,0.26
0,2,50,0.05,FALSE,0.05,"ARL",TRUE,"misspec","joint",24.24,4.9,0.9,0.1
0,2,50,0.05,FALSE,0.05,"ARL",TRUE,"bounded","average",21.24,NA,1,0
0,2,50,0.05,FALSE,0.05,"ARL",TRUE,"bounded","product",21.55,NA,1,0
0,2,50,0.05,FALSE,0.05,"ARL",TRUE,"bounded","up",20.62,NA,1,0
0,1,100,0.05,FALSE,0.05,"ARL",TRUE,"oracle","joint",31.22,6,0.97,0.03
0,1,100,0.05,FALSE,0.05,"ARL",TRUE,"misspec","joint",25.42,NA,1,0
0,1,100,0.05,FALSE,0.05,"ARL",TRUE,"bounded","average",21.32,NA,1,0
0,2,100,0.05,FALSE,0.05,"ARL",TRUE,"oracle","joint",33.99,3.8,0.95,0.05
0,2,100,0.05,FALSE,0.05,"ARL",TRUE,"misspec","joint",24.19,NA,1,0
0,2,100,0.05,FALSE,0.05,"ARL",TRUE,"bounded","average",21.05,NA,1,0
0,2,100,0.05,FALSE,0.05,"ARL",TRUE,"bounded","product",21.29,NA,1,0
0,2,100,0.05,FALSE,0.05,"ARL",TRUE,"bounded","up",20.71,NA,1,0
0,1,50,0.0875,FALSE,0.05,"ARL",TRUE,"oracle","joint",34.46,2.46153846153846,0.61,0.39
0,1,50,0.0875,FALSE,0.05,"ARL",TRUE,"misspec","joint",28.81,2.14285714285714,0.79,0.21
0,1,50,0.0875,FALSE,0.05,"ARL",TRUE,"bounded","average",21.06,NA,1,0
0,2,50,0.0875,FALSE,0.05,"ARL",TRUE,"oracle","joint",33.01,2.92307692307692,0.61,0.39
0,2,50,0.0875,FALSE,0.05,"ARL",TRUE,"misspec","joint",25.22,2.33333333333333,0.85,0.15
0,2,50,0.0875,FALSE,0.05,"ARL",TRUE,"bounded","average",20.57,NA,1,0
0,2,50,0.0875,FALSE,0.05,"ARL",TRUE,"bounded","product",21.47,NA,1,0
0,2,50,0.0875,FALSE,0.05,"ARL",TRUE,"bounded","up",20.63,NA,1,0
0,1,100,0.0875,FALSE,0.05,"ARL",TRUE,"oracle","joint",37.67,4.66666666666667,0.94,0.06
0,1,100,0.0875,FALSE,0.05,"ARL",TRUE,"misspec","joint",33.75,2.66666666666667,0.94,0.06
0,1,100,0.0875,FALSE,0.05,"ARL",TRUE,"bounded","average",20.98,NA,1,0
0,2,100,0.0875,FALSE,0.05,"ARL",TRUE,"oracle","joint",41.91,3.16666666666667,0.88,0.12
0,2,100,0.0875,FALSE,0.05,"ARL",TRUE,"misspec","joint",28.41,2,0.99,0.01
0,2,100,0.0875,FALSE,0.05,"ARL",TRUE,"bounded","average",21.44,NA,1,0
0,2,100,0.0875,FALSE,0.05,"ARL",TRUE,"bounded","product",22.13,NA,1,0
0,2,100,0.0875,FALSE,0.05,"ARL",TRUE,"bounded","up",20.49,NA,1,0
0,1,50,0.125,FALSE,0.05,"ARL",TRUE,"oracle","joint",37.06,1.87234042553191,0.53,0.47
0,1,50,0.125,FALSE,0.05,"ARL",TRUE,"misspec","joint",29.41,1.62962962962963,0.73,0.27
0,1,50,0.125,FALSE,0.05,"ARL",TRUE,"bounded","average",21.44,NA,1,0
0,2,50,0.125,FALSE,0.05,"ARL",TRUE,"oracle","joint",39.21,1.82352941176471,0.49,0.51
0,2,50,0.125,FALSE,0.05,"ARL",TRUE,"misspec","joint",29.84,1.82758620689655,0.71,0.29
0,2,50,0.125,FALSE,0.05,"ARL",TRUE,"bounded","average",20.95,NA,1,0
0,2,50,0.125,FALSE,0.05,"ARL",TRUE,"bounded","product",21.81,NA,1,0
0,2,50,0.125,FALSE,0.05,"ARL",TRUE,"bounded","up",21.72,NA,1,0
0,1,100,0.125,FALSE,0.05,"ARL",TRUE,"oracle","joint",54.78,2.4,0.8,0.2
0,1,100,0.125,FALSE,0.05,"ARL",TRUE,"misspec","joint",33.65,2,0.98,0.02
0,1,100,0.125,FALSE,0.05,"ARL",TRUE,"bounded","average",20.56,NA,1,0
0,2,100,0.125,FALSE,0.05,"ARL",TRUE,"oracle","joint",62.96,1.94871794871795,0.61,0.39
0,2,100,0.125,FALSE,0.05,"ARL",TRUE,"misspec","joint",32.34,1.6,0.95,0.05
0,2,100,0.125,FALSE,0.05,"ARL",TRUE,"bounded","average",20.76,NA,1,0
0,2,100,0.125,FALSE,0.05,"ARL",TRUE,"bounded","product",21.23,NA,1,0
0,2,100,0.125,FALSE,0.05,"ARL",TRUE,"bounded","up",21.08,NA,1,0
0,1,50,0.1625,FALSE,0.05,"ARL",TRUE,"oracle","joint",37.99,1.53571428571429,0.44,0.56
0,1,50,0.1625,FALSE,0.05,"ARL",TRUE,"misspec","joint",34.77,1.575,0.6,0.4
0,1,50,0.1625,FALSE,0.05,"ARL",TRUE,"bounded","average",21.28,NA,1,0
0,2,50,0.1625,FALSE,0.05,"ARL",TRUE,"oracle","joint",39.32,1.49180327868852,0.39,0.61
0,2,50,0.1625,FALSE,0.05,"ARL",TRUE,"misspec","joint",30.27,1.36666666666667,0.7,0.3
0,2,50,0.1625,FALSE,0.05,"ARL",TRUE,"bounded","average",20.7,NA,1,0
0,2,50,0.1625,FALSE,0.05,"ARL",TRUE,"bounded","product",21.08,NA,1,0
0,2,50,0.1625,FALSE,0.05,"ARL",TRUE,"bounded","up",21.13,NA,1,0
0,1,100,0.1625,FALSE,0.05,"ARL",TRUE,"oracle","joint",62.49,1.4,0.7,0.3
0,1,100,0.1625,FALSE,0.05,"ARL",TRUE,"misspec","joint",39.58,1.45454545454545,0.89,0.11
0,1,100,0.1625,FALSE,0.05,"ARL",TRUE,"bounded","average",21.52,NA,1,0
0,2,100,0.1625,FALSE,0.05,"ARL",TRUE,"oracle","joint",60.35,1.38888888888889,0.64,0.36
0,2,100,0.1625,FALSE,0.05,"ARL",TRUE,"misspec","joint",39.58,1.6,0.9,0.1
0,2,100,0.1625,FALSE,0.05,"ARL",TRUE,"bounded","average",20.86,NA,1,0
0,2,100,0.1625,FALSE,0.05,"ARL",TRUE,"bounded","product",21.57,NA,1,0
0,2,100,0.1625,FALSE,0.05,"ARL",TRUE,"bounded","up",20.66,NA,1,0
0,1,50,0.2,FALSE,0.05,"ARL",TRUE,"oracle","joint",44.45,1.23376623376623,0.23,0.77
0,1,50,0.2,FALSE,0.05,"ARL",TRUE,"misspec","joint",33.9,1.1219512195122,0.59,0.41
0,1,50,0.2,FALSE,0.05,"ARL",TRUE,"bounded","average",21.1,NA,1,0
0,2,50,0.2,FALSE,0.05,"ARL",TRUE,"oracle","joint",44.86,1.24324324324324,0.26,0.74
0,2,50,0.2,FALSE,0.05,"ARL",TRUE,"misspec","joint",35.77,1.17777777777778,0.55,0.45
0,2,50,0.2,FALSE,0.05,"ARL",TRUE,"bounded","average",21.18,NA,1,0
0,2,50,0.2,FALSE,0.05,"ARL",TRUE,"bounded","product",21.64,NA,1,0
0,2,50,0.2,FALSE,0.05,"ARL",TRUE,"bounded","up",21.33,NA,1,0
0,1,100,0.2,FALSE,0.05,"ARL",TRUE,"oracle","joint",76.43,1.125,0.44,0.56
0,1,100,0.2,FALSE,0.05,"ARL",TRUE,"misspec","joint",44.85,1.18181818181818,0.89,0.11
0,1,100,0.2,FALSE,0.05,"ARL",TRUE,"bounded","average",21.23,NA,1,0
0,2,100,0.2,FALSE,0.05,"ARL",TRUE,"oracle","joint",79.63,1.32758620689655,0.42,0.58
0,2,100,0.2,FALSE,0.05,"ARL",TRUE,"misspec","joint",43.71,1.38461538461538,0.87,0.13
0,2,100,0.2,FALSE,0.05,"ARL",TRUE,"bounded","average",20.9,NA,1,0
0,2,100,0.2,FALSE,0.05,"ARL",TRUE,"bounded","product",21.5,NA,1,0
0,2,100,0.2,FALSE,0.05,"ARL",TRUE,"bounded","up",20.55,NA,1,0
