"p","K","nu","delta","sparse","alpha","independent","ARL","CAD","PFA","power","stream_1_ARL","stream_2_ARL","stream_3_ARL","stream_4_ARL","stream_5_ARL","stream_6_ARL","stream_7_ARL","stream_8_ARL","stream_9_ARL","stream_10_ARL","stream_1_CAD","stream_2_CAD","stream_3_CAD","stream_4_CAD","stream_5_CAD","stream_6_CAD","stream_7_CAD","stream_8_CAD","stream_9_CAD","stream_10_CAD"
0,2,100,0,FALSE,1e-04,TRUE,Inf,1164.5,0,0.0133333333333333,Inf,Inf,NA,NA,NA,NA,NA,NA,NA,NA,NA,1164.5,NA,NA,NA,NA,NA,NA,NA,NA
1,2,100,0,FALSE,1e-04,TRUE,Inf,1211.84693877551,0,0.326666666666667,Inf,Inf,NA,NA,NA,NA,NA,NA,NA,NA,1199.16363636364,1309.80392156863,NA,NA,NA,NA,NA,NA,NA,NA
0,10,100,0,FALSE,1e-04,TRUE,Inf,1627,0,0.0233333333333333,Inf,Inf,Inf,Inf,Inf,Inf,Inf,Inf,Inf,Inf,2489,2448,2543,NA,481,1781,NA,934,NA,NA
1,10,100,0,FALSE,1e-04,TRUE,Inf,882.983333333333,0,0.6,Inf,Inf,Inf,Inf,Inf,Inf,Inf,Inf,Inf,Inf,1211.90322580645,1046.26666666667,898.90625,1011.8,1021.34615384615,1035,1195.74074074074,1321.66666666667,1353,913.5
0,2,100,0.01,FALSE,1e-04,TRUE,635.386666666667,535.386666666667,0,1,853.17,845.833333333333,NA,NA,NA,NA,NA,NA,NA,NA,753.17,745.833333333333,NA,NA,NA,NA,NA,NA,NA,NA
1,2,100,0.01,FALSE,1e-04,TRUE,579.766666666667,483.76,0.00333333333333333,1,Inf,Inf,NA,NA,NA,NA,NA,NA,NA,NA,736.380471380471,844.60067114094,NA,NA,NA,NA,NA,NA,NA,NA
0,10,100,0.01,FALSE,1e-04,TRUE,Inf,1306.52525252525,0,0.99,Inf,Inf,Inf,Inf,Inf,Inf,Inf,Inf,Inf,Inf,1941.44230769231,1880.97794117647,1998.79646017699,2012.04958677686,1880.8045112782,1840,1969.11111111111,1962.25396825397,1977.94827586207,1890.51785714286
1,10,100,0.01,FALSE,1e-04,TRUE,667.706666666667,569.11,0.00333333333333333,1,Inf,Inf,Inf,Inf,Inf,Inf,Inf,Inf,Inf,Inf,1516.90909090909,1441.93125,1322.14383561644,1388.55625,1381.06569343066,1367.64583333333,1387.63005780347,1528.54487179487,1429.47023809524,1519.42361111111
0,2,100,0.0118108035034134,FALSE,1e-04,TRUE,543.08,443.08,0,1,702.176666666667,705.973333333333,NA,NA,NA,NA,NA,NA,NA,NA,602.176666666667,605.973333333333,NA,NA,NA,NA,NA,NA,NA,NA
1,2,100,0.0118108035034134,FALSE,1e-04,TRUE,487.156666666667,388.913333333333,0.00333333333333333,1,751.59,701.823333333333,NA,NA,NA,NA,NA,NA,NA,NA,653.346666666667,601.823333333333,NA,NA,NA,NA,NA,NA,NA,NA
0,10,100,0.0118108035034134,FALSE,1e-04,TRUE,1138.27333333333,1038.27333333333,0,1,Inf,Inf,Inf,Inf,Inf,Inf,Inf,Inf,Inf,Inf,1898.14705882353,1778.65868263473,1869.94565217391,1866.8156424581,1832.6384180791,1929.13609467456,1905.13966480447,1886.77976190476,1947.37078651685,1833.86285714286
1,10,100,0.0118108035034134,FALSE,1e-04,TRUE,599.746666666667,499.746666666667,0,1,Inf,Inf,Inf,Inf,Inf,Inf,Inf,Inf,Inf,Inf,1425.01052631579,1461.44919786096,1496.70224719101,1429.94413407821,1460.92021276596,1508.2722513089,1397.43502824859,1426.25405405405,1444.38578680203,1467.04
0,2,100,0.0139495079396242,FALSE,1e-04,TRUE,443.673333333333,343.673333333333,0,1,535.92,554.126666666667,NA,NA,NA,NA,NA,NA,NA,NA,435.92,454.126666666667,NA,NA,NA,NA,NA,NA,NA,NA
1,2,100,0.0139495079396242,FALSE,1e-04,TRUE,415.956666666667,315.956666666667,0,1,617.62,562.026666666667,NA,NA,NA,NA,NA,NA,NA,NA,517.62,462.026666666667,NA,NA,NA,NA,NA,NA,NA,NA
0,10,100,0.0139495079396242,FALSE,1e-04,TRUE,885.766666666667,785.766666666667,0,1,Inf,Inf,Inf,Inf,Inf,Inf,Inf,Inf,Inf,Inf,1703.34567901235,1756.27631578947,1712.7366255144,1752.36086956522,1672.06278026906,1649.94071146245,1755.80658436214,1732.48132780083,1692.94142259414,1663.67510548523
1,10,100,0.0139495079396242,FALSE,1e-04,TRUE,507.723333333333,407.723333333333,0,1,Inf,Inf,Inf,Inf,Inf,Inf,Inf,Inf,Inf,Inf,1391.12621359223,1354.78640776699,1347.46846846847,1316.47887323944,1391.23364485981,1266.64601769911,1328.11926605505,1425.16055045872,1478.37053571429,1364.95283018868
0,2,100,0.0164754897244207,FALSE,1e-04,TRUE,359.466666666667,259.466666666667,0,1,444.67,453.29,NA,NA,NA,NA,NA,NA,NA,NA,344.67,353.29,NA,NA,NA,NA,NA,NA,NA,NA
1,2,100,0.0164754897244207,FALSE,1e-04,TRUE,362.71,262.71,0,1,484.353333333333,530.546666666667,NA,NA,NA,NA,NA,NA,NA,NA,384.353333333333,430.546666666667,NA,NA,NA,NA,NA,NA,NA,NA
0,10,100,0.0164754897244207,FALSE,1e-04,TRUE,718.873333333333,618.873333333333,0,1,Inf,Inf,Inf,Inf,Inf,Inf,Inf,Inf,Inf,Inf,1493.18279569892,1517.44,1489.43309859155,1524.0671641791,1456.99644128114,1398.08759124088,1544.46209386282,1459.84476534296,1464.48561151079,1543.45878136201
1,10,100,0.0164754897244207,FALSE,1e-04,TRUE,453.826666666667,353.826666666667,0,1,Inf,Inf,Inf,Inf,Inf,Inf,Inf,Inf,Inf,Inf,1275.74501992032,1225.89959839357,1370.588,1280.208,1289.46850393701,1206.26482213439,1365.66147859922,1337.67068273092,1241.65779467681,1352.95419847328
0,2,100,0.0194588771757639,FALSE,1e-04,TRUE,319.45,219.45,0,1,377.523333333333,386.813333333333,NA,NA,NA,NA,NA,NA,NA,NA,277.523333333333,286.813333333333,NA,NA,NA,NA,NA,NA,NA,NA
1,2,100,0.0194588771757639,FALSE,1e-04,TRUE,316.486666666667,216.486666666667,0,1,425.293333333333,413.896666666667,NA,NA,NA,NA,NA,NA,NA,NA,325.293333333333,313.896666666667,NA,NA,NA,NA,NA,NA,NA,NA
0,10,100,0.0194588771757639,FALSE,1e-04,TRUE,601.203333333333,501.203333333333,0,1,Inf,Inf,Inf,Inf,Inf,Inf,Inf,Inf,1315.28333333333,Inf,1201.29830508475,1219.76450511945,1290.10810810811,1209.59060402685,1221.69463087248,1209.79797979798,1241.56418918919,1178.60750853242,1215.28333333333,1244.49152542373
1,10,100,0.0194588771757639,FALSE,1e-04,TRUE,386.523333333333,286.523333333333,0,1,Inf,Inf,Inf,Inf,Inf,Inf,Inf,Inf,Inf,Inf,1103.90391459075,1180.29856115108,1152.27737226277,1172.36231884058,1177.3273381295,1073.61956521739,1061.48550724638,1162.11870503597,1110.09929078014,1135.67730496454
0,2,100,0.0229824974720003,FALSE,1e-04,TRUE,275.043333333333,175.043333333333,0,1,321.33,322.093333333333,NA,NA,NA,NA,NA,NA,NA,NA,221.33,222.093333333333,NA,NA,NA,NA,NA,NA,NA,NA
1,2,100,0.0229824974720003,FALSE,1e-04,TRUE,276.533333333333,176.533333333333,0,1,356.896666666667,363.353333333333,NA,NA,NA,NA,NA,NA,NA,NA,256.896666666667,263.353333333333,NA,NA,NA,NA,NA,NA,NA,NA
0,10,100,0.0229824974720003,FALSE,1e-04,TRUE,495.896666666667,395.896666666667,0,1,1034.29,1065.52666666667,1038.44,1026.85333333333,1071.28666666667,1008.28333333333,1086.9,1069.46666666667,Inf,1038.14666666667,934.29,965.526666666667,938.44,926.853333333333,971.286666666667,908.283333333333,986.9,969.466666666667,966.769230769231,938.146666666667
1,10,100,0.0229824974720003,FALSE,1e-04,TRUE,350.603333333333,251.576666666667,0.00333333333333333,1,Inf,Inf,Inf,Inf,Inf,Inf,Inf,Inf,Inf,Inf,968.969387755102,957.510067114094,1002.35616438356,963.309523809524,1025.61952861953,984.39527027027,1000.36177474403,1008.57912457912,931.641891891892,1021.30769230769
0,2,100,0.0271441761659491,FALSE,1e-04,TRUE,248.053333333333,148.053333333333,0,1,285.196666666667,281.026666666667,NA,NA,NA,NA,NA,NA,NA,NA,185.196666666667,181.026666666667,NA,NA,NA,NA,NA,NA,NA,NA
1,2,100,0.0271441761659491,FALSE,1e-04,TRUE,244.2,144.67,0.00333333333333333,1,304.8,301.016666666667,NA,NA,NA,NA,NA,NA,NA,NA,205.46,201.016666666667,NA,NA,NA,NA,NA,NA,NA,NA
0,10,100,0.0271441761659491,FALSE,1e-04,TRUE,417.006666666667,317.006666666667,0,1,838.253333333333,828.516666666667,824.386666666667,823.27,830.076666666667,809.096666666667,801.33,803.683333333333,808.406666666667,867.11,738.253333333333,728.516666666667,724.386666666667,723.27,730.076666666667,709.096666666667,701.33,703.683333333333,708.406666666667,767.11
1,10,100,0.0271441761659491,FALSE,1e-04,TRUE,320.486666666667,220.486666666667,0,1,Inf,891.17,Inf,887.916666666667,900.43,915.746666666667,Inf,916.256666666667,Inf,907.19,804.705685618729,791.17,815.688963210702,787.916666666667,800.43,815.746666666667,808.714765100671,816.256666666667,781.040133779264,807.19
0,2,100,0.0320594530958062,FALSE,1e-04,TRUE,227.216666666667,127.216666666667,0,1,253.02,254.596666666667,NA,NA,NA,NA,NA,NA,NA,NA,153.02,154.596666666667,NA,NA,NA,NA,NA,NA,NA,NA
1,2,100,0.0320594530958062,FALSE,1e-04,TRUE,218.186666666667,118.186666666667,0,1,263.566666666667,259.12,NA,NA,NA,NA,NA,NA,NA,NA,163.566666666667,159.12,NA,NA,NA,NA,NA,NA,NA,NA
0,10,100,0.0320594530958062,FALSE,1e-04,TRUE,363.743333333333,263.743333333333,0,1,661.87,649.656666666667,670.37,670.073333333333,678.036666666667,664.34,648.536666666667,633.836666666667,656.793333333333,684.51,561.87,549.656666666667,570.37,570.073333333333,578.036666666667,564.34,548.536666666667,533.836666666667,556.793333333333,584.51
1,10,100,0.0320594530958062,FALSE,1e-04,TRUE,286.28,186.28,0,1,719.07,726.606666666667,737.06,759.85,Inf,683.526666666667,716.65,784.31,771.5,714.136666666667,619.07,626.606666666667,637.06,659.85,629.040133779264,583.526666666667,616.65,684.31,671.5,614.136666666667
0,2,100,0.0378647900941465,FALSE,1e-04,TRUE,202.396666666667,102.396666666667,0,1,222.933333333333,224.23,NA,NA,NA,NA,NA,NA,NA,NA,122.933333333333,124.23,NA,NA,NA,NA,NA,NA,NA,NA
1,2,100,0.0378647900941465,FALSE,1e-04,TRUE,199.836666666667,99.8366666666667,0,1,231.013333333333,237.093333333333,NA,NA,NA,NA,NA,NA,NA,NA,131.013333333333,137.093333333333,NA,NA,NA,NA,NA,NA,NA,NA
0,10,100,0.0378647900941465,FALSE,1e-04,TRUE,322.063333333333,222.063333333333,0,1,527.99,522.913333333333,526.543333333333,519.69,553.903333333333,532.09,554.796666666667,527.96,527.933333333333,528.113333333333,427.99,422.913333333333,426.543333333333,419.69,453.903333333333,432.09,454.796666666667,427.96,427.933333333333,428.113333333333
1,10,100,0.0378647900941465,FALSE,1e-04,TRUE,253.546666666667,153.546666666667,0,1,571.12,600.676666666667,580.953333333333,610.573333333333,566.13,550.533333333333,588.37,591.263333333333,580.283333333333,589.286666666667,471.12,500.676666666667,480.953333333333,510.573333333333,466.13,450.533333333333,488.37,491.263333333333,480.283333333333,489.286666666667
0,2,100,0.0447213595499958,FALSE,1e-04,TRUE,185.303333333333,85.3033333333333,0,1,201.076666666667,202.223333333333,NA,NA,NA,NA,NA,NA,NA,NA,101.076666666667,102.223333333333,NA,NA,NA,NA,NA,NA,NA,NA
1,2,100,0.0447213595499958,FALSE,1e-04,TRUE,184.386666666667,84.3866666666667,0,1,211.516666666667,212.15,NA,NA,NA,NA,NA,NA,NA,NA,111.516666666667,112.15,NA,NA,NA,NA,NA,NA,NA,NA
0,10,100,0.0447213595499958,FALSE,1e-04,TRUE,282.153333333333,182.153333333333,0,1,444.506666666667,441.313333333333,443.156666666667,431.373333333333,430.903333333333,433.816666666667,430.05,435.416666666667,434.986666666667,429.033333333333,344.506666666667,341.313333333333,343.156666666667,331.373333333333,330.903333333333,333.816666666667,330.05,335.416666666667,334.986666666667,329.033333333333
1,10,100,0.0447213595499958,FALSE,1e-04,TRUE,231.64,131.64,0,1,476.156666666667,452.896666666667,510.36,475.156666666667,465.126666666667,465.766666666667,506.286666666667,484.4,472.61,482.05,376.156666666667,352.896666666667,410.36,375.156666666667,365.126666666667,365.766666666667,406.286666666667,384.4,372.61,382.05
0,2,100,0.05281951900505,FALSE,1e-04,TRUE,171.186666666667,71.1866666666667,0,1,184.133333333333,182.803333333333,NA,NA,NA,NA,NA,NA,NA,NA,84.1333333333333,82.8033333333333,NA,NA,NA,NA,NA,NA,NA,NA
1,2,100,0.05281951900505,FALSE,1e-04,TRUE,171.916666666667,72.12,0.00333333333333333,1,193.556666666667,192.293333333333,NA,NA,NA,NA,NA,NA,NA,NA,93.8533333333333,92.2933333333333,NA,NA,NA,NA,NA,NA,NA,NA
0,10,100,0.05281951900505,FALSE,1e-04,TRUE,256.893333333333,156.893333333333,0,1,371.426666666667,364.146666666667,376.736666666667,371.57,370.373333333333,366.656666666667,362.966666666667,375.023333333333,370.96,366.08,271.426666666667,264.146666666667,276.736666666667,271.57,270.373333333333,266.656666666667,262.966666666667,275.023333333333,270.96,266.08
1,10,100,0.05281951900505,FALSE,1e-04,TRUE,215.29,115.29,0,1,400.136666666667,416.78,400.64,388.99,403.196666666667,399.366666666667,387.463333333333,408.156666666667,405.153333333333,413.653333333333,300.136666666667,316.78,300.64,288.99,303.196666666667,299.366666666667,287.463333333333,308.156666666667,305.153333333333,313.653333333333
0,2,100,0.0623840960113455,FALSE,1e-04,TRUE,160.683333333333,60.6833333333333,0,1,171.88,170.323333333333,NA,NA,NA,NA,NA,NA,NA,NA,71.88,70.3233333333333,NA,NA,NA,NA,NA,NA,NA,NA
1,2,100,0.0623840960113455,FALSE,1e-04,TRUE,158.606666666667,58.6066666666667,0,1,176.366666666667,178.05,NA,NA,NA,NA,NA,NA,NA,NA,76.3666666666667,78.05,NA,NA,NA,NA,NA,NA,NA,NA
0,10,100,0.0623840960113455,FALSE,1e-04,TRUE,233,133,0,1,319.966666666667,313.543333333333,321.466666666667,317.506666666667,316.12,321.626666666667,316.4,315.783333333333,327.366666666667,310.16,219.966666666667,213.543333333333,221.466666666667,217.506666666667,216.12,221.626666666667,216.4,215.783333333333,227.366666666667,210.16
1,10,100,0.0623840960113455,FALSE,1e-04,TRUE,202.316666666667,102.316666666667,0,1,345.35,343.31,343.436666666667,343.09,342.466666666667,341.82,332.6,342.28,363.786666666667,348.65,245.35,243.31,243.436666666667,243.09,242.466666666667,241.82,232.6,242.28,263.786666666667,248.65
0,2,100,0.0736806299728077,FALSE,1e-04,TRUE,150.903333333333,50.9033333333333,0,1,160.316666666667,158.7,NA,NA,NA,NA,NA,NA,NA,NA,60.3166666666667,58.7,NA,NA,NA,NA,NA,NA,NA,NA
1,2,100,0.0736806299728077,FALSE,1e-04,TRUE,151.343333333333,51.3433333333333,0,1,165.41,164.236666666667,NA,NA,NA,NA,NA,NA,NA,NA,65.41,64.2366666666667,NA,NA,NA,NA,NA,NA,NA,NA
0,10,100,0.0736806299728077,FALSE,1e-04,TRUE,211.916666666667,111.916666666667,0,1,278.02,278.78,275.306666666667,277.776666666667,277.2,271.603333333333,277.926666666667,277.66,279.843333333333,278.813333333333,178.02,178.78,175.306666666667,177.776666666667,177.2,171.603333333333,177.926666666667,177.66,179.843333333333,178.813333333333
1,10,100,0.0736806299728077,FALSE,1e-04,TRUE,187.823333333333,87.8233333333333,0,1,304.996666666667,294.25,294.55,292.86,303.363333333333,298.723333333333,301.39,285.98,297.58,297.346666666667,204.996666666667,194.25,194.55,192.86,203.363333333333,198.723333333333,201.39,185.98,197.58,197.346666666667
0,2,100,0.0870227442616544,FALSE,1e-04,TRUE,144.396666666667,44.3966666666667,0,1,150.996666666667,150.163333333333,NA,NA,NA,NA,NA,NA,NA,NA,50.9966666666667,50.1633333333333,NA,NA,NA,NA,NA,NA,NA,NA
1,2,100,0.0870227442616544,FALSE,1e-04,TRUE,144.086666666667,44.0866666666667,0,1,156.4,155.466666666667,NA,NA,NA,NA,NA,NA,NA,NA,56.4,55.4666666666667,NA,NA,NA,NA,NA,NA,NA,NA
0,10,100,0.0870227442616544,FALSE,1e-04,TRUE,194.123333333333,94.1233333333333,0,1,247.046666666667,245.586666666667,245.593333333333,247.376666666667,245,247.546666666667,246.45,243.263333333333,245.31,247.24,147.046666666667,145.586666666667,145.593333333333,147.376666666667,145,147.546666666667,146.45,143.263333333333,145.31,147.24
1,10,100,0.0870227442616544,FALSE,1e-04,TRUE,175.766666666667,75.7666666666667,0,1,255.05,264.156666666667,262.396666666667,266.34,265.843333333333,255.396666666667,257.993333333333,253.83,265.923333333333,258.376666666667,155.05,164.156666666667,162.396666666667,166.34,165.843333333333,155.396666666667,157.993333333333,153.83,165.923333333333,158.376666666667
0,2,100,0.102780853280219,FALSE,1e-04,TRUE,138.256666666667,38.2566666666667,0,1,143.87,143.89,NA,NA,NA,NA,NA,NA,NA,NA,43.87,43.89,NA,NA,NA,NA,NA,NA,NA,NA
1,2,100,0.102780853280219,FALSE,1e-04,TRUE,136.536666666667,36.5366666666667,0,1,145.62,145.86,NA,NA,NA,NA,NA,NA,NA,NA,45.62,45.86,NA,NA,NA,NA,NA,NA,NA,NA
0,10,100,0.102780853280219,FALSE,1e-04,TRUE,182.35,82.35,0,1,223.603333333333,224.89,218,218.27,219.63,222.553333333333,223.766666666667,222.256666666667,223.056666666667,221.06,123.603333333333,124.89,118,118.27,119.63,122.553333333333,123.766666666667,122.256666666667,123.056666666667,121.06
1,10,100,0.102780853280219,FALSE,1e-04,TRUE,164.886666666667,64.8866666666667,0,1,232.596666666667,229.583333333333,227.533333333333,233.623333333333,231.853333333333,229.483333333333,236.706666666667,226.886666666667,230.2,232.94,132.596666666667,129.583333333333,127.533333333333,133.623333333333,131.853333333333,129.483333333333,136.706666666667,126.886666666667,130.2,132.94
0,2,100,0.121392446200583,FALSE,1e-04,TRUE,132.4,32.4,0,1,137.696666666667,137.153333333333,NA,NA,NA,NA,NA,NA,NA,NA,37.6966666666667,37.1533333333333,NA,NA,NA,NA,NA,NA,NA,NA
1,2,100,0.121392446200583,FALSE,1e-04,TRUE,132.51,32.51,0,1,139.276666666667,141.996666666667,NA,NA,NA,NA,NA,NA,NA,NA,39.2766666666667,41.9966666666667,NA,NA,NA,NA,NA,NA,NA,NA
0,10,100,0.121392446200583,FALSE,1e-04,TRUE,170.003333333333,70.0033333333333,0,1,198.763333333333,200.306666666667,201.73,200.456666666667,203.6,201.286666666667,200.4,203.763333333333,201.613333333333,201.576666666667,98.7633333333333,100.306666666667,101.73,100.456666666667,103.6,101.286666666667,100.4,103.763333333333,101.613333333333,101.576666666667
1,10,100,0.121392446200583,FALSE,1e-04,TRUE,156.063333333333,56.0633333333333,0,1,212.816666666667,205.146666666667,209.67,207.413333333333,209.706666666667,208.55,208.896666666667,204.283333333333,206.933333333333,208.016666666667,112.816666666667,105.146666666667,109.67,107.413333333333,109.706666666667,108.55,108.896666666667,104.283333333333,106.933333333333,108.016666666667
0,2,100,0.143374232887377,FALSE,1e-04,TRUE,128.24,28.24,0,1,132.196666666667,131.903333333333,NA,NA,NA,NA,NA,NA,NA,NA,32.1966666666667,31.9033333333333,NA,NA,NA,NA,NA,NA,NA,NA
1,2,100,0.143374232887377,FALSE,1e-04,TRUE,126.953333333333,27.1533333333333,0.00333333333333333,1,133.936666666667,133.083333333333,NA,NA,NA,NA,NA,NA,NA,NA,33.9366666666667,33.2833333333333,NA,NA,NA,NA,NA,NA,NA,NA
0,10,100,0.143374232887377,FALSE,1e-04,TRUE,161.063333333333,61.0633333333333,0,1,185.87,185.566666666667,187.503333333333,185.676666666667,187.093333333333,184.936666666667,186.16,184.92,186.05,185.356666666667,85.87,85.5666666666667,87.5033333333333,85.6766666666667,87.0933333333333,84.9366666666667,86.16,84.92,86.05,85.3566666666667
1,10,100,0.143374232887377,FALSE,1e-04,TRUE,148.996666666667,48.9966666666667,0,1,189.773333333333,192.293333333333,190.71,191.03,193.14,190.923333333333,192.813333333333,189.34,192.123333333333,191.323333333333,89.7733333333333,92.2933333333333,90.71,91.03,93.14,90.9233333333333,92.8133333333333,89.34,92.1233333333333,91.3233333333333
0,2,100,0.169336489208544,FALSE,1e-04,TRUE,124.073333333333,24.0733333333333,0,1,127.553333333333,127.196666666667,NA,NA,NA,NA,NA,NA,NA,NA,27.5533333333333,27.1966666666667,NA,NA,NA,NA,NA,NA,NA,NA
1,2,100,0.169336489208544,FALSE,1e-04,TRUE,123.943333333333,23.9433333333333,0,1,129.166666666667,129.813333333333,NA,NA,NA,NA,NA,NA,NA,NA,29.1666666666667,29.8133333333333,NA,NA,NA,NA,NA,NA,NA,NA
0,10,100,0.169336489208544,FALSE,1e-04,TRUE,151.41,51.41,0,1,173.033333333333,172.296666666667,173.28,172.66,172.783333333333,172.926666666667,173.076666666667,172.416666666667,171.816666666667,172.406666666667,73.0333333333333,72.2966666666667,73.28,72.66,72.7833333333333,72.9266666666667,73.0766666666667,72.4166666666667,71.8166666666667,72.4066666666667
1,10,100,0.169336489208544,FALSE,1e-04,TRUE,141.876666666667,41.97,0.00333333333333333,1,179.556666666667,178.93,180.003333333333,177.883333333333,178.123333333333,179.446666666667,174.836666666667,174.78,176.593333333333,178.513333333333,79.5566666666667,78.93,80.0033333333333,77.8833333333333,78.1233333333333,79.4466666666667,74.8366666666667,75.04,76.5933333333333,78.5133333333333
0,2,100,0.2,FALSE,1e-04,TRUE,121.35,21.35,0,1,123.986666666667,124.226666666667,NA,NA,NA,NA,NA,NA,NA,NA,23.9866666666667,24.2266666666667,NA,NA,NA,NA,NA,NA,NA,NA
1,2,100,0.2,FALSE,1e-04,TRUE,121.1,21.1,0,1,126.236666666667,125.27,NA,NA,NA,NA,NA,NA,NA,NA,26.2366666666667,25.27,NA,NA,NA,NA,NA,NA,NA,NA
0,10,100,0.2,FALSE,1e-04,TRUE,144.336666666667,44.3366666666667,0,1,161.766666666667,160.533333333333,160.966666666667,161.11,162.446666666667,161.506666666667,161.506666666667,160.2,160.113333333333,160.96,61.7666666666667,60.5333333333333,60.9666666666667,61.11,62.4466666666667,61.5066666666667,61.5066666666667,60.2,60.1133333333333,60.96
1,10,100,0.2,FALSE,1e-04,TRUE,136.816666666667,36.8166666666667,0,1,165.143333333333,165.473333333333,166.003333333333,167.22,166.513333333333,163.626666666667,167.19,164.36,166.363333333333,163.856666666667,65.1433333333333,65.4733333333333,66.0033333333333,67.22,66.5133333333333,63.6266666666667,67.19,64.36,66.3633333333333,63.8566666666667
0,2,100,0,TRUE,1e-04,TRUE,Inf,1383.2,0,0.05,Inf,Inf,NA,NA,NA,NA,NA,NA,NA,NA,1399.9,1349.8,NA,NA,NA,NA,NA,NA,NA,NA
1,2,100,0,TRUE,1e-04,TRUE,Inf,1053.88596491228,0,0.38,Inf,Inf,NA,NA,NA,NA,NA,NA,NA,NA,1080.76785714286,1151.83823529412,NA,NA,NA,NA,NA,NA,NA,NA
0,10,100,0,TRUE,1e-04,TRUE,Inf,1945.91666666667,0,0.04,Inf,Inf,Inf,Inf,Inf,Inf,Inf,Inf,Inf,Inf,438,NA,2440,2097,NA,2080.5,2704,1141.5,1862,2463
1,10,100,0,TRUE,1e-04,TRUE,Inf,929.831395348837,0,0.573333333333333,Inf,Inf,Inf,Inf,Inf,Inf,Inf,Inf,Inf,Inf,1090.26666666667,1234,953.208333333333,974.15625,1387.07692307692,1058.65,1408.90476190476,818.88,1109.74193548387,1055.81481481481
0,2,100,0.01,TRUE,1e-04,TRUE,568.076666666667,468.076666666667,0,1,570.48,Inf,NA,NA,NA,NA,NA,NA,NA,NA,470.48,1203.81818181818,NA,NA,NA,NA,NA,NA,NA,NA
1,2,100,0.01,TRUE,1e-04,TRUE,543.903333333333,443.903333333333,0,1,567.92,Inf,NA,NA,NA,NA,NA,NA,NA,NA,467.92,908.242424242424,NA,NA,NA,NA,NA,NA,NA,NA
0,10,100,0.01,TRUE,1e-04,TRUE,682.92,582.92,0,1,686.096666666667,Inf,Inf,Inf,Inf,Inf,Inf,Inf,Inf,Inf,586.096666666667,NA,NA,2714,NA,1620.66666666667,NA,NA,1761,NA
1,10,100,0.01,TRUE,1e-04,TRUE,656.653333333333,556.653333333333,0,1,750.566666666667,Inf,Inf,Inf,Inf,Inf,Inf,Inf,Inf,Inf,650.566666666667,1205.15384615385,1235.3125,1190.84615384615,1256.48,1190.44444444444,1017.6,991.054054054054,873.708333333333,1085.86666666667
0,2,100,0.0118108035034134,TRUE,1e-04,TRUE,436.373333333333,336.373333333333,0,1,436.373333333333,Inf,NA,NA,NA,NA,NA,NA,NA,NA,336.373333333333,1458.5,NA,NA,NA,NA,NA,NA,NA,NA
1,2,100,0.0118108035034134,TRUE,1e-04,TRUE,483.713333333333,383.713333333333,0,1,491.9,Inf,NA,NA,NA,NA,NA,NA,NA,NA,391.9,1256.80769230769,NA,NA,NA,NA,NA,NA,NA,NA
0,10,100,0.0118108035034134,TRUE,1e-04,TRUE,527.03,427.03,0,1,527.03,Inf,Inf,Inf,Inf,Inf,Inf,Inf,Inf,Inf,427.03,2183.5,NA,NA,1558,NA,1615,803,NA,NA
1,10,100,0.0118108035034134,TRUE,1e-04,TRUE,536.356666666667,436.356666666667,0,1,585.033333333333,Inf,Inf,Inf,Inf,Inf,Inf,Inf,Inf,Inf,485.033333333333,1308.90476190476,934.75,1345.33333333333,922.085714285714,1144.66666666667,1321.96153846154,1371.07407407407,903.933333333333,1191.76923076923
0,2,100,0.0139495079396242,TRUE,1e-04,TRUE,373.636666666667,273.636666666667,0,1,373.636666666667,Inf,NA,NA,NA,NA,NA,NA,NA,NA,273.636666666667,1833.66666666667,NA,NA,NA,NA,NA,NA,NA,NA
1,2,100,0.0139495079396242,TRUE,1e-04,TRUE,386.103333333333,286.103333333333,0,1,395.896666666667,Inf,NA,NA,NA,NA,NA,NA,NA,NA,295.896666666667,1161.80392156863,NA,NA,NA,NA,NA,NA,NA,NA
0,10,100,0.0139495079396242,TRUE,1e-04,TRUE,446.603333333333,346.603333333333,0,1,447.123333333333,Inf,Inf,Inf,Inf,Inf,Inf,Inf,Inf,Inf,347.123333333333,NA,2324,NA,1191.5,622.5,1663.66666666667,1483.5,NA,748.666666666667
1,10,100,0.0139495079396242,TRUE,1e-04,TRUE,439.856666666667,339.856666666667,0,1,467.533333333333,Inf,Inf,Inf,Inf,Inf,Inf,Inf,Inf,Inf,367.533333333333,1134.42307692308,1291.03846153846,1194.66666666667,1288,1398.78571428571,1200.86363636364,1320.8,811.04347826087,1051.94444444444
0,2,100,0.0164754897244207,TRUE,1e-04,TRUE,322.653333333333,222.653333333333,0,1,322.653333333333,Inf,NA,NA,NA,NA,NA,NA,NA,NA,222.653333333333,900.4,NA,NA,NA,NA,NA,NA,NA,NA
1,2,100,0.0164754897244207,TRUE,1e-04,TRUE,348.133333333333,248.133333333333,0,1,352.723333333333,Inf,NA,NA,NA,NA,NA,NA,NA,NA,252.723333333333,1254.19672131148,NA,NA,NA,NA,NA,NA,NA,NA
0,10,100,0.0164754897244207,TRUE,1e-04,TRUE,379.376666666667,279.376666666667,0,1,379.376666666667,Inf,Inf,Inf,Inf,Inf,Inf,Inf,Inf,Inf,279.376666666667,2096,NA,1935.5,NA,NA,NA,2568,1524,NA
1,10,100,0.0164754897244207,TRUE,1e-04,TRUE,385.66,285.66,0,1,410.14,Inf,Inf,Inf,Inf,Inf,Inf,Inf,Inf,Inf,310.14,1274.21739130435,1314.4,1057.74285714286,1029.52941176471,1262.67741935484,1165.03448275862,968.681818181818,1145.26666666667,1232.19047619048
0,2,100,0.0194588771757639,TRUE,1e-04,TRUE,281.063333333333,181.063333333333,0,1,281.063333333333,Inf,NA,NA,NA,NA,NA,NA,NA,NA,181.063333333333,1741.125,NA,NA,NA,NA,NA,NA,NA,NA
1,2,100,0.0194588771757639,TRUE,1e-04,TRUE,293.143333333333,193.143333333333,0,1,294.806666666667,Inf,NA,NA,NA,NA,NA,NA,NA,NA,194.806666666667,1094.76623376623,NA,NA,NA,NA,NA,NA,NA,NA
0,10,100,0.0194588771757639,TRUE,1e-04,TRUE,319.383333333333,219.383333333333,0,1,319.383333333333,Inf,Inf,Inf,Inf,Inf,Inf,Inf,Inf,Inf,219.383333333333,458,NA,NA,NA,NA,750.5,2441,1146.5,1061
1,10,100,0.0194588771757639,TRUE,1e-04,TRUE,333.803333333333,233.803333333333,0,1,348.276666666667,Inf,Inf,Inf,Inf,Inf,Inf,Inf,Inf,Inf,248.276666666667,1240.47619047619,1005.65,1115,1178.70833333333,1143.11111111111,1068.66666666667,1230.24,847.074074074074,909.818181818182
0,2,100,0.0229824974720003,TRUE,1e-04,TRUE,244.093333333333,144.093333333333,0,1,244.093333333333,Inf,NA,NA,NA,NA,NA,NA,NA,NA,144.093333333333,1318.66666666667,NA,NA,NA,NA,NA,NA,NA,NA
1,2,100,0.0229824974720003,TRUE,1e-04,TRUE,256.51,156.51,0,1,259.25,Inf,NA,NA,NA,NA,NA,NA,NA,NA,159.25,1189.73913043478,NA,NA,NA,NA,NA,NA,NA,NA
0,10,100,0.0229824974720003,TRUE,1e-04,TRUE,280.616666666667,180.616666666667,0,1,280.756666666667,Inf,Inf,Inf,Inf,Inf,Inf,Inf,Inf,Inf,180.756666666667,NA,NA,NA,2738,NA,NA,404,1209,2147
1,10,100,0.0229824974720003,TRUE,1e-04,TRUE,305.476666666667,205.476666666667,0,1,312.536666666667,Inf,Inf,Inf,Inf,Inf,Inf,Inf,Inf,Inf,212.536666666667,929.227272727273,1632.76470588235,1030.48275862069,1227.53571428571,916.51724137931,1474,1315.17857142857,1179.28,1303.8
0,2,100,0.0271441761659491,TRUE,1e-04,TRUE,217.626666666667,117.626666666667,0,1,217.626666666667,Inf,NA,NA,NA,NA,NA,NA,NA,NA,117.626666666667,1207.33333333333,NA,NA,NA,NA,NA,NA,NA,NA
1,2,100,0.0271441761659491,TRUE,1e-04,TRUE,229.65,129.65,0,1,230.45,Inf,NA,NA,NA,NA,NA,NA,NA,NA,130.45,1139.15,NA,NA,NA,NA,NA,NA,NA,NA
0,10,100,0.0271441761659491,TRUE,1e-04,TRUE,248.586666666667,148.586666666667,0,1,248.586666666667,Inf,Inf,Inf,Inf,Inf,Inf,Inf,Inf,Inf,148.586666666667,2068,2233,2497,2141,NA,NA,1723,2839,297
1,10,100,0.0271441761659491,TRUE,1e-04,TRUE,257.653333333333,157.653333333333,0,1,259.8,Inf,Inf,Inf,Inf,Inf,Inf,Inf,Inf,Inf,159.8,1184.31818181818,900.1875,1024.85714285714,780.619047619048,1104.34782608696,1398.59259259259,1022.36842105263,1185.29166666667,1441.95652173913
0,2,100,0.0320594530958062,TRUE,1e-04,TRUE,202.273333333333,102.273333333333,0,1,202.273333333333,Inf,NA,NA,NA,NA,NA,NA,NA,NA,102.273333333333,1516.30769230769,NA,NA,NA,NA,NA,NA,NA,NA
1,2,100,0.0320594530958062,TRUE,1e-04,TRUE,207.73,107.73,0,1,208.27,Inf,NA,NA,NA,NA,NA,NA,NA,NA,108.27,1133.08928571429,NA,NA,NA,NA,NA,NA,NA,NA
0,10,100,0.0320594530958062,TRUE,1e-04,TRUE,222.463333333333,122.463333333333,0,1,222.463333333333,Inf,Inf,Inf,Inf,Inf,Inf,Inf,Inf,Inf,122.463333333333,1682,926,NA,NA,NA,341,1544,NA,2465
1,10,100,0.0320594530958062,TRUE,1e-04,TRUE,226.743333333333,126.743333333333,0,1,229.586666666667,Inf,Inf,Inf,Inf,Inf,Inf,Inf,Inf,Inf,129.586666666667,1330.03846153846,1205.36,1312.55555555556,944.523809523809,1031.85185185185,1163.62962962963,1136.65217391304,1648.07407407407,1104.07692307692
0,2,100,0.0378647900941465,TRUE,1e-04,TRUE,184.23,84.23,0,1,184.27,Inf,NA,NA,NA,NA,NA,NA,NA,NA,84.27,1530.16666666667,NA,NA,NA,NA,NA,NA,NA,NA
1,2,100,0.0378647900941465,TRUE,1e-04,TRUE,191.826666666667,91.8266666666667,0,1,193.023333333333,Inf,NA,NA,NA,NA,NA,NA,NA,NA,93.0233333333333,1216.1,NA,NA,NA,NA,NA,NA,NA,NA
0,10,100,0.0378647900941465,TRUE,1e-04,TRUE,203.493333333333,103.493333333333,0,1,203.493333333333,Inf,Inf,Inf,Inf,Inf,Inf,Inf,Inf,Inf,103.493333333333,2247,906.5,1729.5,NA,367,2058,2218,1408,1929
1,10,100,0.0378647900941465,TRUE,1e-04,TRUE,209.286666666667,109.286666666667,0,1,210.94,Inf,Inf,Inf,Inf,Inf,Inf,Inf,Inf,Inf,110.94,1142.2380952381,1349.28,728.541666666667,1042.70588235294,1133.14285714286,1395.85,885.310344827586,1092.09090909091,1335.67857142857
0,2,100,0.0447213595499958,TRUE,1e-04,TRUE,169.71,69.71,0,1,169.71,Inf,NA,NA,NA,NA,NA,NA,NA,NA,69.71,1896.36363636364,NA,NA,NA,NA,NA,NA,NA,NA
1,2,100,0.0447213595499958,TRUE,1e-04,TRUE,174.503333333333,74.5033333333333,0,1,174.73,Inf,NA,NA,NA,NA,NA,NA,NA,NA,74.73,1311.91489361702,NA,NA,NA,NA,NA,NA,NA,NA
0,10,100,0.0447213595499958,TRUE,1e-04,TRUE,187.453333333333,87.4533333333333,0,1,187.453333333333,Inf,Inf,Inf,Inf,Inf,Inf,Inf,Inf,Inf,87.4533333333333,NA,2475,NA,NA,793,NA,1257,NA,NA
1,10,100,0.0447213595499958,TRUE,1e-04,TRUE,194.473333333333,94.4733333333333,0,1,195.093333333333,Inf,Inf,Inf,Inf,Inf,Inf,Inf,Inf,Inf,95.0933333333333,1198.66666666667,832.142857142857,917.681818181818,1289.44444444444,1121.04347826087,1185.4,917.217391304348,1080.78947368421,1300.65517241379
0,2,100,0.05281951900505,TRUE,1e-04,TRUE,159.393333333333,59.3933333333333,0,1,159.393333333333,Inf,NA,NA,NA,NA,NA,NA,NA,NA,59.3933333333333,1834,NA,NA,NA,NA,NA,NA,NA,NA
1,2,100,0.05281951900505,TRUE,1e-04,TRUE,163.466666666667,64.13,0.00666666666666667,1,164.463333333333,Inf,NA,NA,NA,NA,NA,NA,NA,NA,64.7366666666667,1083.54285714286,NA,NA,NA,NA,NA,NA,NA,NA
0,10,100,0.05281951900505,TRUE,1e-04,TRUE,173.213333333333,73.2133333333333,0,1,173.213333333333,Inf,Inf,Inf,Inf,Inf,Inf,Inf,Inf,Inf,73.2133333333333,1633,326,1137,NA,NA,1218,2338,1969,NA
1,10,100,0.05281951900505,TRUE,1e-04,TRUE,176.436666666667,76.6933333333333,0.00333333333333333,1,177.29,Inf,Inf,Inf,Inf,Inf,Inf,Inf,Inf,Inf,77.29,913.827586206897,1249,1259.54838709677,1228.04347826087,1153.89473684211,1208.09090909091,1205.75862068966,1005.78260869565,1053.80555555556
0,2,100,0.0623840960113455,TRUE,1e-04,TRUE,151.083333333333,51.0833333333333,0,1,151.083333333333,Inf,NA,NA,NA,NA,NA,NA,NA,NA,51.0833333333333,1787.75,NA,NA,NA,NA,NA,NA,NA,NA
1,2,100,0.0623840960113455,TRUE,1e-04,TRUE,155.74,55.74,0,1,155.74,Inf,NA,NA,NA,NA,NA,NA,NA,NA,55.74,1205.27118644068,NA,NA,NA,NA,NA,NA,NA,NA
0,10,100,0.0623840960113455,TRUE,1e-04,TRUE,161.17,61.17,0,1,161.17,Inf,Inf,Inf,Inf,Inf,Inf,Inf,Inf,Inf,61.17,2739,NA,338,2765,1065,NA,720.5,NA,NA
1,10,100,0.0623840960113455,TRUE,1e-04,TRUE,164.423333333333,64.4233333333333,0,1,164.926666666667,Inf,Inf,Inf,Inf,Inf,Inf,Inf,Inf,Inf,64.9266666666667,1382,1146.03333333333,1156.78787878788,1484.61538461538,945.107142857143,1037.58333333333,924.16,1206.76923076923,1100.8125
0,2,100,0.0736806299728077,TRUE,1e-04,TRUE,142.076666666667,42.0766666666667,0,1,142.076666666667,Inf,NA,NA,NA,NA,NA,NA,NA,NA,42.0766666666667,1829.83333333333,NA,NA,NA,NA,NA,NA,NA,NA
1,2,100,0.0736806299728077,TRUE,1e-04,TRUE,145.743333333333,45.7433333333333,0,1,145.816666666667,Inf,NA,NA,NA,NA,NA,NA,NA,NA,45.8166666666667,983.838235294118,NA,NA,NA,NA,NA,NA,NA,NA
0,10,100,0.0736806299728077,TRUE,1e-04,TRUE,153.113333333333,53.1133333333333,0,1,153.113333333333,Inf,Inf,Inf,Inf,Inf,Inf,Inf,Inf,Inf,53.1133333333333,NA,NA,485,2713,1724,NA,NA,NA,NA
1,10,100,0.0736806299728077,TRUE,1e-04,TRUE,156.99,56.99,0,1,157.06,Inf,Inf,Inf,Inf,Inf,Inf,Inf,Inf,Inf,57.06,1278.14285714286,1355.5,1351.96428571429,1277.95833333333,923.7,994.272727272727,1071.64285714286,1105.95454545455,1006.72413793103
0,2,100,0.0870227442616544,TRUE,1e-04,TRUE,136.756666666667,36.7566666666667,0,1,136.756666666667,Inf,NA,NA,NA,NA,NA,NA,NA,NA,36.7566666666667,2062,NA,NA,NA,NA,NA,NA,NA,NA
1,2,100,0.0870227442616544,TRUE,1e-04,TRUE,139.323333333333,39.3233333333333,0,1,139.353333333333,Inf,NA,NA,NA,NA,NA,NA,NA,NA,39.3533333333333,1258,NA,NA,NA,NA,NA,NA,NA,NA
0,10,100,0.0870227442616544,TRUE,1e-04,TRUE,145.423333333333,45.4233333333333,0,1,145.423333333333,Inf,Inf,Inf,Inf,Inf,Inf,Inf,Inf,Inf,45.4233333333333,NA,810,2575,NA,1434.5,2691,NA,1110,912
1,10,100,0.0870227442616544,TRUE,1e-04,TRUE,148.423333333333,48.4233333333333,0,1,148.576666666667,Inf,Inf,Inf,Inf,Inf,Inf,Inf,Inf,Inf,48.5766666666667,1079.40909090909,920,1401.33333333333,1197.95833333333,1166.68421052632,1234.09090909091,1316.88461538462,874.8,1460.48
0,2,100,0.102780853280219,TRUE,1e-04,TRUE,130.983333333333,30.9833333333333,0,1,130.983333333333,Inf,NA,NA,NA,NA,NA,NA,NA,NA,30.9833333333333,1668.71428571429,NA,NA,NA,NA,NA,NA,NA,NA
1,2,100,0.102780853280219,TRUE,1e-04,TRUE,134.763333333333,34.9733333333333,0.00333333333333333,1,134.79,Inf,NA,NA,NA,NA,NA,NA,NA,NA,35,1256.62,NA,NA,NA,NA,NA,NA,NA,NA
0,10,100,0.102780853280219,TRUE,1e-04,TRUE,138.246666666667,38.2466666666667,0,1,138.246666666667,Inf,Inf,Inf,Inf,Inf,Inf,Inf,Inf,Inf,38.2466666666667,NA,NA,1083,NA,NA,NA,1253,1168.5,1247
1,10,100,0.102780853280219,TRUE,1e-04,TRUE,141.803333333333,41.8033333333333,0,1,141.803333333333,Inf,Inf,Inf,Inf,Inf,Inf,Inf,Inf,Inf,41.8033333333333,976.391304347826,1142.16,1216.14285714286,1478.17647058824,1430.18421052632,1185.94736842105,1314.58333333333,1071.77419354839,1077.8
0,2,100,0.121392446200583,TRUE,1e-04,TRUE,127.44,27.44,0,1,127.44,Inf,NA,NA,NA,NA,NA,NA,NA,NA,27.44,2008.44444444444,NA,NA,NA,NA,NA,NA,NA,NA
1,2,100,0.121392446200583,TRUE,1e-04,TRUE,129.993333333333,29.9933333333333,0,1,129.993333333333,Inf,NA,NA,NA,NA,NA,NA,NA,NA,29.9933333333333,1165.65217391304,NA,NA,NA,NA,NA,NA,NA,NA
0,10,100,0.121392446200583,TRUE,1e-04,TRUE,133.563333333333,33.5633333333333,0,1,133.563333333333,Inf,Inf,Inf,Inf,Inf,Inf,Inf,Inf,Inf,33.5633333333333,NA,1534.5,2381,394,NA,1874,1636,NA,1019
1,10,100,0.121392446200583,TRUE,1e-04,TRUE,135.446666666667,35.4466666666667,0,1,135.446666666667,Inf,Inf,Inf,Inf,Inf,Inf,Inf,Inf,Inf,35.4466666666667,1060.5625,1278.39285714286,1180.33333333333,906.692307692308,1403.26923076923,1265.7,1254.79166666667,1129.76,1307.55555555556
0,2,100,0.143374232887377,TRUE,1e-04,TRUE,123.423333333333,23.4233333333333,0,1,123.423333333333,Inf,NA,NA,NA,NA,NA,NA,NA,NA,23.4233333333333,1135.55555555556,NA,NA,NA,NA,NA,NA,NA,NA
1,2,100,0.143374232887377,TRUE,1e-04,TRUE,126.033333333333,26.0333333333333,0,1,126.106666666667,Inf,NA,NA,NA,NA,NA,NA,NA,NA,26.1066666666667,1028.95238095238,NA,NA,NA,NA,NA,NA,NA,NA
0,10,100,0.143374232887377,TRUE,1e-04,TRUE,128.85,28.85,0,1,128.85,Inf,Inf,Inf,Inf,Inf,Inf,Inf,Inf,Inf,28.85,NA,NA,1621,1009,405,NA,2348,NA,NA
1,10,100,0.143374232887377,TRUE,1e-04,TRUE,131.436666666667,31.4366666666667,0,1,131.506666666667,Inf,Inf,Inf,Inf,Inf,Inf,Inf,Inf,Inf,31.5066666666667,1340.55172413793,1078.64285714286,1243.125,1366.18181818182,1027.17857142857,1076.56,1370.18181818182,1129.25,1150.14285714286
0,2,100,0.169336489208544,TRUE,1e-04,TRUE,120.71,20.71,0,1,120.71,Inf,NA,NA,NA,NA,NA,NA,NA,NA,20.71,1346.45454545455,NA,NA,NA,NA,NA,NA,NA,NA
1,2,100,0.169336489208544,TRUE,1e-04,TRUE,122.693333333333,22.8433333333333,0.00333333333333333,1,122.693333333333,Inf,NA,NA,NA,NA,NA,NA,NA,NA,22.8433333333333,1296.63636363636,NA,NA,NA,NA,NA,NA,NA,NA
0,10,100,0.169336489208544,TRUE,1e-04,TRUE,125.076666666667,25.0766666666667,0,1,125.076666666667,Inf,Inf,Inf,Inf,Inf,Inf,Inf,Inf,Inf,25.0766666666667,2327,2395,NA,NA,NA,NA,NA,NA,217
1,10,100,0.169336489208544,TRUE,1e-04,TRUE,126.406666666667,26.4066666666667,0,1,126.406666666667,Inf,Inf,Inf,Inf,Inf,Inf,Inf,Inf,Inf,26.4066666666667,1115.10714285714,1034.77777777778,1115.21739130435,1205.1724137931,1412.66666666667,1035.9375,1228.95833333333,1365.68,1432.61904761905
0,2,100,0.2,TRUE,1e-04,TRUE,117.906666666667,17.9066666666667,0,1,117.906666666667,Inf,NA,NA,NA,NA,NA,NA,NA,NA,17.9066666666667,1466.66666666667,NA,NA,NA,NA,NA,NA,NA,NA
1,2,100,0.2,TRUE,1e-04,TRUE,119.563333333333,19.5633333333333,0,1,119.63,Inf,NA,NA,NA,NA,NA,NA,NA,NA,19.63,952.236363636364,NA,NA,NA,NA,NA,NA,NA,NA
0,10,100,0.2,TRUE,1e-04,TRUE,121.92,21.92,0,1,121.92,Inf,Inf,Inf,Inf,Inf,Inf,Inf,Inf,Inf,21.92,NA,NA,2435.5,NA,788.5,1622.33333333333,NA,2087.5,1699
1,10,100,0.2,TRUE,1e-04,TRUE,124.05,24.05,0,1,124.05,Inf,Inf,Inf,Inf,Inf,Inf,Inf,Inf,Inf,24.05,1087.53333333333,1275.5625,1111.10344827586,1604.07407407407,1308.75,1098.76923076923,1469.16129032258,1212.85,1399.94736842105
0,2,100,0,FALSE,1e-04,FALSE,Inf,1276.55555555556,0,0.03,Inf,Inf,NA,NA,NA,NA,NA,NA,NA,NA,702.666666666667,1563.5,NA,NA,NA,NA,NA,NA,NA,NA
1,2,100,0,FALSE,1e-04,FALSE,Inf,1000.61627906977,0,0.286666666666667,Inf,Inf,NA,NA,NA,NA,NA,NA,NA,NA,1063.95833333333,1032.2962962963,NA,NA,NA,NA,NA,NA,NA,NA
0,10,100,0,FALSE,1e-04,FALSE,Inf,1610.09090909091,0,0.0366666666666667,Inf,Inf,Inf,Inf,Inf,Inf,Inf,Inf,Inf,Inf,2730,222,NA,435,776,NA,1610,1965.66666666667,1049.75,2085
1,10,100,0,FALSE,1e-04,FALSE,Inf,977.015384615385,0,0.433333333333333,Inf,Inf,Inf,Inf,Inf,Inf,Inf,Inf,Inf,Inf,1157.88235294118,1136.10344827586,1328.91304347826,951.636363636364,1260.27272727273,1073.41935483871,924.958333333333,1222.45454545455,1209.26315789474,1347.52631578947
0,2,100,0.01,FALSE,1e-04,FALSE,677.453333333333,577.453333333333,0,1,875.043333333333,860.51,NA,NA,NA,NA,NA,NA,NA,NA,775.043333333333,760.51,NA,NA,NA,NA,NA,NA,NA,NA
1,2,100,0.01,FALSE,1e-04,FALSE,622.553333333333,522.553333333333,0,1,Inf,Inf,NA,NA,NA,NA,NA,NA,NA,NA,800.89932885906,751.344481605351,NA,NA,NA,NA,NA,NA,NA,NA
0,10,100,0.01,FALSE,1e-04,FALSE,Inf,1507.82656826568,0,0.903333333333333,Inf,Inf,Inf,Inf,Inf,Inf,Inf,Inf,Inf,Inf,2062.672,1971.03571428571,1964.40366972477,1860.43119266055,1965.21904761905,1964.21818181818,1913.05940594059,2074.27358490566,1966.79310344828,1955.28181818182
1,10,100,0.01,FALSE,1e-04,FALSE,Inf,761.337883959045,0,0.976666666666667,Inf,Inf,Inf,Inf,Inf,Inf,Inf,Inf,Inf,Inf,1415.28571428571,1380.52413793103,1411.40136054422,1437.27631578947,1379.57516339869,1364.09271523179,1419.68387096774,1432.71698113208,1283,1485.87323943662
0,2,100,0.0118108035034134,FALSE,1e-04,FALSE,540.743333333333,440.743333333333,0,1,672.123333333333,670.59,NA,NA,NA,NA,NA,NA,NA,NA,572.123333333333,570.59,NA,NA,NA,NA,NA,NA,NA,NA
1,2,100,0.0118108035034134,FALSE,1e-04,FALSE,520.55,420.55,0,1,735.056666666667,710.353333333333,NA,NA,NA,NA,NA,NA,NA,NA,635.056666666667,610.353333333333,NA,NA,NA,NA,NA,NA,NA,NA
0,10,100,0.0118108035034134,FALSE,1e-04,FALSE,Inf,1221.96610169492,0,0.983333333333333,Inf,Inf,Inf,Inf,Inf,Inf,Inf,Inf,Inf,Inf,1846.39534883721,1904.67484662577,1819,1881.67515923567,1836.06936416185,1937.03870967742,1848.95081967213,1811.38323353293,1887.1582278481,1912.19230769231
1,10,100,0.0118108035034134,FALSE,1e-04,FALSE,Inf,712.441471571906,0,0.996666666666667,Inf,Inf,Inf,Inf,Inf,Inf,Inf,Inf,Inf,Inf,1441.85204081633,1395.18784530387,1391.01604278075,1394.76373626374,1437.04395604396,1404.18279569892,1455.73626373626,1467.75935828877,1497.81914893617,1439.49726775956
0,2,100,0.0139495079396242,FALSE,1e-04,FALSE,452.07,352.07,0,1,555.17,561.756666666667,NA,NA,NA,NA,NA,NA,NA,NA,455.17,461.756666666667,NA,NA,NA,NA,NA,NA,NA,NA
1,2,100,0.0139495079396242,FALSE,1e-04,FALSE,439.643333333333,340.55,0.00333333333333333,1,601.596666666667,602.23,NA,NA,NA,NA,NA,NA,NA,NA,501.596666666667,503.136666666667,NA,NA,NA,NA,NA,NA,NA,NA
0,10,100,0.0139495079396242,FALSE,1e-04,FALSE,Inf,948.903010033445,0,0.996666666666667,Inf,Inf,Inf,Inf,Inf,Inf,Inf,Inf,Inf,Inf,1656.39170506912,1652.62447257384,1704.00900900901,1731.27586206897,1657.32888888889,1727.62008733624,1660.03448275862,1673.32300884956,1683.5859030837,1700.34375
1,10,100,0.0139495079396242,FALSE,1e-04,FALSE,698.983333333333,598.983333333333,0,1,Inf,Inf,Inf,Inf,Inf,Inf,Inf,Inf,Inf,Inf,1356.68075117371,1323.90086206897,1410.61883408072,1406.99134199134,1453.52582159624,1359.71945701357,1380.20909090909,1314.05429864253,1380.220657277,1356.71090047393
0,2,100,0.0164754897244207,FALSE,1e-04,FALSE,375.72,275.72,0,1,458.09,444.58,NA,NA,NA,NA,NA,NA,NA,NA,358.09,344.58,NA,NA,NA,NA,NA,NA,NA,NA
1,2,100,0.0164754897244207,FALSE,1e-04,FALSE,380.366666666667,280.366666666667,0,1,504.44,488.39,NA,NA,NA,NA,NA,NA,NA,NA,404.44,388.39,NA,NA,NA,NA,NA,NA,NA,NA
0,10,100,0.0164754897244207,FALSE,1e-04,FALSE,909.126666666667,809.126666666667,0,1,Inf,Inf,Inf,Inf,Inf,Inf,Inf,Inf,Inf,Inf,1518.38518518519,1574.875,1612.46153846154,1487.17090909091,1518.48327137546,1526.61090909091,1534.03773584906,1463.6582733813,1511.95683453237,1578.85454545455
1,10,100,0.0164754897244207,FALSE,1e-04,FALSE,570.94,470.94,0,1,Inf,Inf,Inf,Inf,Inf,Inf,Inf,Inf,Inf,Inf,1331.49800796813,1248.23863636364,1242.62977099237,1348.40562248996,1278.14015151515,1371.36821705426,1319.61023622047,1269.00396825397,1222.52226720648,1289.9496124031
0,2,100,0.0194588771757639,FALSE,1e-04,FALSE,324.913333333333,224.913333333333,0,1,380.76,374.986666666667,NA,NA,NA,NA,NA,NA,NA,NA,280.76,274.986666666667,NA,NA,NA,NA,NA,NA,NA,NA
1,2,100,0.0194588771757639,FALSE,1e-04,FALSE,320.546666666667,220.546666666667,0,1,400.576666666667,421.003333333333,NA,NA,NA,NA,NA,NA,NA,NA,300.576666666667,321.003333333333,NA,NA,NA,NA,NA,NA,NA,NA
0,10,100,0.0194588771757639,FALSE,1e-04,FALSE,695.916666666667,595.916666666667,0,1,Inf,Inf,Inf,Inf,Inf,Inf,Inf,Inf,Inf,Inf,1219.84228187919,1260.33220338983,1174.18243243243,1249.61855670103,1212.9222972973,1227.54180602007,1205.98993288591,1255.31632653061,1241.8566552901,1222.69798657718
1,10,100,0.0194588771757639,FALSE,1e-04,FALSE,472.633333333333,372.633333333333,0,1,Inf,Inf,Inf,Inf,Inf,Inf,Inf,Inf,Inf,Inf,1135.39568345324,1172.26315789474,1087.47703180212,1067.29136690648,1134.87857142857,1177.62989323843,1083.90812720848,1147.09964412811,1245.62949640288,1157.81754385965
0,2,100,0.0229824974720003,FALSE,1e-04,FALSE,285.103333333333,185.103333333333,0,1,318.113333333333,327.706666666667,NA,NA,NA,NA,NA,NA,NA,NA,218.113333333333,227.706666666667,NA,NA,NA,NA,NA,NA,NA,NA
1,2,100,0.0229824974720003,FALSE,1e-04,FALSE,283.716666666667,183.716666666667,0,1,356.456666666667,353.74,NA,NA,NA,NA,NA,NA,NA,NA,256.456666666667,253.74,NA,NA,NA,NA,NA,NA,NA,NA
0,10,100,0.0229824974720003,FALSE,1e-04,FALSE,555.43,455.43,0,1,1066.71666666667,1051.52666666667,1041.53666666667,1083.10666666667,1010.37333333333,1033.39,Inf,1037.90666666667,1093.89,1046.19666666667,966.716666666667,951.526666666667,941.536666666667,983.106666666667,910.373333333333,933.39,914.969899665552,937.906666666667,993.89,946.196666666667
1,10,100,0.0229824974720003,FALSE,1e-04,FALSE,449.996666666667,349.996666666667,0,1,Inf,Inf,Inf,Inf,Inf,Inf,Inf,Inf,Inf,Inf,963.558219178082,957.351351351351,973.344827586207,950.189655172414,994.617747440273,946.452380952381,963.756013745705,970.908474576271,962.898648648649,1026.04778156997
0,2,100,0.0271441761659491,FALSE,1e-04,FALSE,255.31,155.31,0,1,284.53,283.426666666667,NA,NA,NA,NA,NA,NA,NA,NA,184.53,183.426666666667,NA,NA,NA,NA,NA,NA,NA,NA
1,2,100,0.0271441761659491,FALSE,1e-04,FALSE,254.22,154.22,0,1,301.16,313.38,NA,NA,NA,NA,NA,NA,NA,NA,201.16,213.38,NA,NA,NA,NA,NA,NA,NA,NA
0,10,100,0.0271441761659491,FALSE,1e-04,FALSE,474.023333333333,374.023333333333,0,1,816.856666666667,815.306666666667,833.556666666667,806.763333333333,799.163333333333,828.116666666667,835.71,821.27,808.3,830.58,716.856666666667,715.306666666667,733.556666666667,706.763333333333,699.163333333333,728.116666666667,735.71,721.27,708.3,730.58
1,10,100,0.0271441761659491,FALSE,1e-04,FALSE,381.52,281.52,0,1,879.666666666667,903.216666666667,898.016666666667,896.61,Inf,Inf,938.243333333333,Inf,920.293333333334,904.623333333333,779.666666666667,803.216666666667,798.016666666667,796.61,745.184563758389,707.463087248322,838.243333333333,773.59595959596,820.293333333334,804.623333333333
0,2,100,0.0320594530958062,FALSE,1e-04,FALSE,226.59,126.59,0,1,249.86,243.813333333333,NA,NA,NA,NA,NA,NA,NA,NA,149.86,143.813333333333,NA,NA,NA,NA,NA,NA,NA,NA
1,2,100,0.0320594530958062,FALSE,1e-04,FALSE,230.303333333333,130.303333333333,0,1,271.406666666667,270.203333333333,NA,NA,NA,NA,NA,NA,NA,NA,171.406666666667,170.203333333333,NA,NA,NA,NA,NA,NA,NA,NA
0,10,100,0.0320594530958062,FALSE,1e-04,FALSE,410.08,310.08,0,1,675.353333333333,656.28,646.223333333333,663.073333333333,654.146666666667,673.116666666667,626.986666666667,677.326666666667,644.566666666667,665.196666666667,575.353333333333,556.28,546.223333333333,563.073333333333,554.146666666667,573.116666666667,526.986666666667,577.326666666667,544.566666666667,565.196666666667
1,10,100,0.0320594530958062,FALSE,1e-04,FALSE,329.66,229.66,0,1,700.773333333333,722,704.006666666667,712.45,704.28,704.153333333333,Inf,703.92,693.816666666667,749.453333333333,600.773333333333,622,604.006666666667,612.45,604.28,604.153333333333,544.421404682274,603.92,593.816666666667,649.453333333333
0,2,100,0.0378647900941465,FALSE,1e-04,FALSE,203.006666666667,103.006666666667,0,1,217.25,221.13,NA,NA,NA,NA,NA,NA,NA,NA,117.25,121.13,NA,NA,NA,NA,NA,NA,NA,NA
1,2,100,0.0378647900941465,FALSE,1e-04,FALSE,208.18,108.18,0,1,238.423333333333,241.826666666667,NA,NA,NA,NA,NA,NA,NA,NA,138.423333333333,141.826666666667,NA,NA,NA,NA,NA,NA,NA,NA
0,10,100,0.0378647900941465,FALSE,1e-04,FALSE,347.306666666667,247.306666666667,0,1,533.12,528.56,533.423333333333,528.18,522.413333333333,533.243333333333,529.953333333333,537.973333333333,533.023333333333,536.72,433.12,428.56,433.423333333333,428.18,422.413333333333,433.243333333333,429.953333333333,437.973333333333,433.023333333333,436.72
1,10,100,0.0378647900941465,FALSE,1e-04,FALSE,297.386666666667,197.386666666667,0,1,583.983333333333,618.773333333333,599.513333333333,582.173333333333,568.68,574.413333333333,599.956666666666,564.103333333333,595.86,572.62,483.983333333333,518.773333333333,499.513333333333,482.173333333333,468.68,474.413333333333,499.956666666667,464.103333333333,495.86,472.62
0,2,100,0.0447213595499958,FALSE,1e-04,FALSE,188.26,88.26,0,1,200.51,201.213333333333,NA,NA,NA,NA,NA,NA,NA,NA,100.51,101.213333333333,NA,NA,NA,NA,NA,NA,NA,NA
1,2,100,0.0447213595499958,FALSE,1e-04,FALSE,188.043333333333,88.0433333333333,0,1,209.123333333333,208.713333333333,NA,NA,NA,NA,NA,NA,NA,NA,109.123333333333,108.713333333333,NA,NA,NA,NA,NA,NA,NA,NA
0,10,100,0.0447213595499958,FALSE,1e-04,FALSE,306.656666666667,206.656666666667,0,1,451.753333333333,442.313333333333,436.016666666667,435.476666666667,435.393333333333,443.883333333333,438.523333333333,437.233333333333,440.216666666667,445.006666666667,351.753333333333,342.313333333333,336.016666666667,335.476666666667,335.393333333333,343.883333333333,338.523333333333,337.233333333333,340.216666666667,345.006666666667
1,10,100,0.0447213595499958,FALSE,1e-04,FALSE,261.526666666667,161.526666666667,0,1,480.82,491.383333333333,476.03,496.98,475.173333333333,468.12,488.203333333333,449.3,511.216666666667,479.426666666667,380.82,391.383333333333,376.03,396.98,375.173333333333,368.12,388.203333333333,349.3,411.216666666667,379.426666666667
0,2,100,0.05281951900505,FALSE,1e-04,FALSE,172.833333333333,72.8333333333333,0,1,183.883333333333,182.596666666667,NA,NA,NA,NA,NA,NA,NA,NA,83.8833333333333,82.5966666666667,NA,NA,NA,NA,NA,NA,NA,NA
1,2,100,0.05281951900505,FALSE,1e-04,FALSE,173.14,73.34,0.00333333333333333,1,191.226666666667,190.866666666667,NA,NA,NA,NA,NA,NA,NA,NA,91.2266666666667,91.0666666666667,NA,NA,NA,NA,NA,NA,NA,NA
0,10,100,0.05281951900505,FALSE,1e-04,FALSE,268.61,168.61,0,1,379.56,365.87,368.37,366.383333333333,381.83,369.65,373.496666666667,368.896666666667,373.97,374.94,279.56,265.87,268.37,266.383333333333,281.83,269.65,273.496666666667,268.896666666667,273.97,274.94
1,10,100,0.05281951900505,FALSE,1e-04,FALSE,241.433333333333,141.433333333333,0,1,408.486666666667,391.41,387.11,394.356666666667,400.536666666667,414.366666666667,396.963333333333,398.176666666667,415.61,403.636666666667,308.486666666667,291.41,287.11,294.356666666667,300.536666666667,314.366666666667,296.963333333333,298.176666666667,315.61,303.636666666667
0,2,100,0.0623840960113455,FALSE,1e-04,FALSE,162.24,62.24,0,1,171.04,171.443333333333,NA,NA,NA,NA,NA,NA,NA,NA,71.04,71.4433333333333,NA,NA,NA,NA,NA,NA,NA,NA
1,2,100,0.0623840960113455,FALSE,1e-04,FALSE,163.093333333333,63.0933333333333,0,1,180.363333333333,177.043333333333,NA,NA,NA,NA,NA,NA,NA,NA,80.3633333333333,77.0433333333333,NA,NA,NA,NA,NA,NA,NA,NA
0,10,100,0.0623840960113455,FALSE,1e-04,FALSE,245.356666666667,145.356666666667,0,1,317.59,313.83,321.936666666667,319.04,321.583333333333,319.983333333333,315.843333333333,316.706666666667,317.753333333333,315.05,217.59,213.83,221.936666666667,219.04,221.583333333333,219.983333333333,215.843333333333,216.706666666667,217.753333333333,215.05
1,10,100,0.0623840960113455,FALSE,1e-04,FALSE,215.873333333333,115.873333333333,0,1,341.12,351.783333333333,356.083333333333,346.496666666667,340.643333333333,334.793333333333,338.4,341.586666666667,343.273333333333,350.146666666667,241.12,251.783333333333,256.083333333333,246.496666666667,240.643333333333,234.793333333333,238.4,241.586666666667,243.273333333333,250.146666666667
0,2,100,0.0736806299728077,FALSE,1e-04,FALSE,151.93,51.93,0,1,158.57,159.086666666667,NA,NA,NA,NA,NA,NA,NA,NA,58.57,59.0866666666667,NA,NA,NA,NA,NA,NA,NA,NA
1,2,100,0.0736806299728077,FALSE,1e-04,FALSE,155.113333333333,55.1133333333333,0,1,166.12,165.706666666667,NA,NA,NA,NA,NA,NA,NA,NA,66.12,65.7066666666667,NA,NA,NA,NA,NA,NA,NA,NA
0,10,100,0.0736806299728077,FALSE,1e-04,FALSE,221.186666666667,121.186666666667,0,1,274.13,278.533333333333,277.036666666667,273.946666666667,278.023333333333,277.586666666667,278.943333333333,278.873333333333,279.483333333333,277.07,174.13,178.533333333333,177.036666666667,173.946666666667,178.023333333333,177.586666666667,178.943333333333,178.873333333333,179.483333333333,177.07
1,10,100,0.0736806299728077,FALSE,1e-04,FALSE,195.153333333333,95.1533333333333,0,1,283.996666666667,286.016666666667,297.123333333333,300.47,290.153333333333,288.4,292.926666666667,287.776666666667,296.196666666667,286.766666666667,183.996666666667,186.016666666667,197.123333333333,200.47,190.153333333333,188.4,192.926666666667,187.776666666667,196.196666666667,186.766666666667
0,2,100,0.0870227442616544,FALSE,1e-04,FALSE,145.606666666667,45.6066666666667,0,1,151.563333333333,151.293333333333,NA,NA,NA,NA,NA,NA,NA,NA,51.5633333333333,51.2933333333333,NA,NA,NA,NA,NA,NA,NA,NA
1,2,100,0.0870227442616544,FALSE,1e-04,FALSE,146.363333333333,46.3633333333333,0,1,154.483333333333,156.426666666667,NA,NA,NA,NA,NA,NA,NA,NA,54.4833333333333,56.4266666666667,NA,NA,NA,NA,NA,NA,NA,NA
0,10,100,0.0870227442616544,FALSE,1e-04,FALSE,204.343333333333,104.343333333333,0,1,249.176666666667,248.183333333333,250.09,249.756666666667,249.95,247.86,247.806666666667,249.74,244.016666666667,248.81,149.176666666667,148.183333333333,150.09,149.756666666667,149.95,147.86,147.806666666667,149.74,144.016666666667,148.81
1,10,100,0.0870227442616544,FALSE,1e-04,FALSE,184.403333333333,84.4033333333333,0,1,260.7,253.59,253.873333333333,257.26,255.943333333333,254.886666666667,261.643333333333,261.08,258.51,259.896666666667,160.7,153.59,153.873333333333,157.26,155.943333333333,154.886666666667,161.643333333333,161.08,158.51,159.896666666667
0,2,100,0.102780853280219,FALSE,1e-04,FALSE,138.55,38.55,0,1,142.336666666667,143.016666666667,NA,NA,NA,NA,NA,NA,NA,NA,42.3366666666667,43.0166666666667,NA,NA,NA,NA,NA,NA,NA,NA
1,2,100,0.102780853280219,FALSE,1e-04,FALSE,139.59,39.59,0,1,147.616666666667,146.113333333333,NA,NA,NA,NA,NA,NA,NA,NA,47.6166666666667,46.1133333333333,NA,NA,NA,NA,NA,NA,NA,NA
0,10,100,0.102780853280219,FALSE,1e-04,FALSE,185.706666666667,85.7066666666667,0,1,220.22,223.74,222.62,222.203333333333,220.443333333333,223.35,222.77,218.226666666667,222.49,220.29,120.22,123.74,122.62,122.203333333333,120.443333333333,123.35,122.77,118.226666666667,122.49,120.29
1,10,100,0.102780853280219,FALSE,1e-04,FALSE,174.71,74.71,0,1,232.18,232.396666666667,234.613333333333,232.793333333333,234.11,231.193333333333,227.68,233.833333333333,229.573333333333,232.753333333333,132.18,132.396666666667,134.613333333333,132.793333333333,134.11,131.193333333333,127.68,133.833333333333,129.573333333333,132.753333333333
0,2,100,0.121392446200583,FALSE,1e-04,FALSE,133.1,33.1,0,1,137.53,136.28,NA,NA,NA,NA,NA,NA,NA,NA,37.53,36.28,NA,NA,NA,NA,NA,NA,NA,NA
1,2,100,0.121392446200583,FALSE,1e-04,FALSE,133.06,33.06,0,1,140.426666666667,139.22,NA,NA,NA,NA,NA,NA,NA,NA,40.4266666666667,39.22,NA,NA,NA,NA,NA,NA,NA,NA
0,10,100,0.121392446200583,FALSE,1e-04,FALSE,172.66,72.66,0,1,200.576666666667,200.393333333333,201.46,199.47,200.573333333333,201.11,200.136666666667,199.956666666667,202.14,201.63,100.576666666667,100.393333333333,101.46,99.47,100.573333333333,101.11,100.136666666667,99.9566666666667,102.14,101.63
1,10,100,0.121392446200583,FALSE,1e-04,FALSE,163.316666666667,63.3166666666667,0,1,213,207.646666666667,206.4,207.72,206.366666666667,208.586666666667,208.13,206.196666666667,211.666666666667,208.54,113,107.646666666667,106.4,107.72,106.366666666667,108.586666666667,108.13,106.196666666667,111.666666666667,108.54
0,2,100,0.143374232887377,FALSE,1e-04,FALSE,129.003333333333,29.0033333333333,0,1,132.176666666667,131.806666666667,NA,NA,NA,NA,NA,NA,NA,NA,32.1766666666667,31.8066666666667,NA,NA,NA,NA,NA,NA,NA,NA
1,2,100,0.143374232887377,FALSE,1e-04,FALSE,128.9,28.9,0,1,135.69,134.306666666667,NA,NA,NA,NA,NA,NA,NA,NA,35.69,34.3066666666667,NA,NA,NA,NA,NA,NA,NA,NA
0,10,100,0.143374232887377,FALSE,1e-04,FALSE,162.166666666667,62.1666666666667,0,1,184.043333333333,183.78,184.606666666667,184.86,184.836666666667,185.02,184.163333333333,184.11,184.086666666667,183.58,84.0433333333333,83.78,84.6066666666667,84.86,84.8366666666667,85.02,84.1633333333333,84.11,84.0866666666667,83.58
1,10,100,0.143374232887377,FALSE,1e-04,FALSE,155.243333333333,55.2433333333333,0,1,189.573333333333,189.873333333333,192.196666666667,190.206666666667,189.68,189.406666666667,191.376666666667,192.353333333333,189.27,192.71,89.5733333333333,89.8733333333333,92.1966666666667,90.2066666666667,89.68,89.4066666666667,91.3766666666667,92.3533333333333,89.27,92.71
0,2,100,0.169336489208544,FALSE,1e-04,FALSE,124.723333333333,24.7233333333333,0,1,127.686666666667,127.596666666667,NA,NA,NA,NA,NA,NA,NA,NA,27.6866666666667,27.5966666666667,NA,NA,NA,NA,NA,NA,NA,NA
1,2,100,0.169336489208544,FALSE,1e-04,FALSE,124.56,24.56,0,1,129.05,128.626666666667,NA,NA,NA,NA,NA,NA,NA,NA,29.05,28.6266666666667,NA,NA,NA,NA,NA,NA,NA,NA
0,10,100,0.169336489208544,FALSE,1e-04,FALSE,154.42,54.42,0,1,173.406666666667,172.043333333333,172.093333333333,171.976666666667,173.303333333333,172.423333333333,171.93,172.58,171.88,171.536666666667,73.4066666666667,72.0433333333333,72.0933333333333,71.9766666666667,73.3033333333333,72.4233333333333,71.93,72.58,71.88,71.5366666666667
1,10,100,0.169336489208544,FALSE,1e-04,FALSE,146.926666666667,46.9266666666667,0,1,174.523333333333,174.556666666667,177.656666666667,174.156666666667,176.743333333333,175.986666666667,175.643333333333,176.573333333333,175.386666666667,177.163333333333,74.5233333333333,74.5566666666667,77.6566666666667,74.1566666666667,76.7433333333333,75.9866666666667,75.6433333333333,76.5733333333333,75.3866666666667,77.1633333333333
0,2,100,0.2,FALSE,1e-04,FALSE,121.686666666667,21.6866666666667,0,1,123.876666666667,124.033333333333,NA,NA,NA,NA,NA,NA,NA,NA,23.8766666666667,24.0333333333333,NA,NA,NA,NA,NA,NA,NA,NA
1,2,100,0.2,FALSE,1e-04,FALSE,121.766666666667,21.7666666666667,0,1,125.403333333333,125.526666666667,NA,NA,NA,NA,NA,NA,NA,NA,25.4033333333333,25.5266666666667,NA,NA,NA,NA,NA,NA,NA,NA
0,10,100,0.2,FALSE,1e-04,FALSE,146.04,46.04,0,1,159.786666666667,160.47,160.45,160.236666666667,160.993333333333,161.28,160.68,160.656666666667,160.34,160.906666666667,59.7866666666667,60.47,60.45,60.2366666666667,60.9933333333333,61.28,60.68,60.6566666666667,60.34,60.9066666666667
1,10,100,0.2,FALSE,1e-04,FALSE,140.446666666667,40.4466666666667,0,1,165.676666666667,164.913333333333,163,165.9,163.75,164.89,166.19,164.186666666667,164.506666666667,163.83,65.6766666666667,64.9133333333333,63,65.9,63.75,64.89,66.19,64.1866666666667,64.5066666666667,63.83
0,2,100,0,TRUE,1e-04,FALSE,Inf,1690.66666666667,0,0.05,Inf,Inf,NA,NA,NA,NA,NA,NA,NA,NA,1511.09090909091,2107.4,NA,NA,NA,NA,NA,NA,NA,NA
1,2,100,0,TRUE,1e-04,FALSE,Inf,984.535353535354,0.00333333333333333,0.33,Inf,Inf,NA,NA,NA,NA,NA,NA,NA,NA,971.775862068965,1138,NA,NA,NA,NA,NA,NA,NA,NA
0,10,100,0,TRUE,1e-04,FALSE,Inf,1565.85714285714,0,0.0233333333333333,Inf,Inf,Inf,Inf,Inf,Inf,Inf,Inf,Inf,Inf,1684.75,NA,1257,NA,NA,NA,2352,NA,NA,613
1,10,100,0,TRUE,1e-04,FALSE,Inf,1069.82203389831,0,0.393333333333333,Inf,Inf,Inf,Inf,Inf,Inf,Inf,Inf,Inf,Inf,1373.47619047619,1136.05263157895,1040.9375,1224.94444444444,1103.45454545455,1097.78260869565,1680.21428571429,998.45,1421.69565217391,1074.65217391304
0,2,100,0.01,TRUE,1e-04,FALSE,540.466666666667,440.466666666667,0,1,540.466666666667,Inf,NA,NA,NA,NA,NA,NA,NA,NA,440.466666666667,2353,NA,NA,NA,NA,NA,NA,NA,NA
1,2,100,0.01,TRUE,1e-04,FALSE,578.536666666667,478.536666666667,0,1,583.77,Inf,NA,NA,NA,NA,NA,NA,NA,NA,483.77,1125.54385964912,NA,NA,NA,NA,NA,NA,NA,NA
0,10,100,0.01,TRUE,1e-04,FALSE,677.76,577.76,0,1,677.76,Inf,Inf,Inf,Inf,Inf,Inf,Inf,Inf,Inf,577.76,1874.33333333333,1779,NA,NA,2866,325,2530,NA,522
1,10,100,0.01,TRUE,1e-04,FALSE,686.563333333333,586.563333333333,0,1,711.1,Inf,Inf,Inf,Inf,Inf,Inf,Inf,Inf,Inf,611.1,949.791666666667,1134.88461538462,1100.125,1183.75,1151.88461538462,1305.15625,1054.26315789474,1437.08695652174,1271.72727272727
0,2,100,0.0118108035034134,TRUE,1e-04,FALSE,443.403333333333,343.403333333333,0,1,443.403333333333,Inf,NA,NA,NA,NA,NA,NA,NA,NA,343.403333333333,1922.33333333333,NA,NA,NA,NA,NA,NA,NA,NA
1,2,100,0.0118108035034134,TRUE,1e-04,FALSE,471.58,371.58,0,1,480.086666666667,Inf,NA,NA,NA,NA,NA,NA,NA,NA,380.086666666667,1259.296875,NA,NA,NA,NA,NA,NA,NA,NA
0,10,100,0.0118108035034134,TRUE,1e-04,FALSE,546.946666666667,446.946666666667,0,1,546.946666666667,Inf,Inf,Inf,Inf,Inf,Inf,Inf,Inf,Inf,446.946666666667,NA,1715,NA,1437.33333333333,1527,1441,1155,NA,NA
1,10,100,0.0118108035034134,TRUE,1e-04,FALSE,563.23,463.23,0,1,590.113333333333,Inf,Inf,Inf,Inf,Inf,Inf,Inf,Inf,Inf,490.113333333333,1213.10714285714,1043.74074074074,968.210526315789,1113.35294117647,1305.60869565217,1227.4,1194.53571428571,1226.30769230769,1052.52
0,2,100,0.0139495079396242,TRUE,1e-04,FALSE,368.053333333333,268.053333333333,0,1,368.053333333333,Inf,NA,NA,NA,NA,NA,NA,NA,NA,268.053333333333,1438.85714285714,NA,NA,NA,NA,NA,NA,NA,NA
1,2,100,0.0139495079396242,TRUE,1e-04,FALSE,397.583333333333,297.583333333333,0,1,399.78,Inf,NA,NA,NA,NA,NA,NA,NA,NA,299.78,878.76,NA,NA,NA,NA,NA,NA,NA,NA
0,10,100,0.0139495079396242,TRUE,1e-04,FALSE,454.433333333333,354.433333333333,0,1,454.433333333333,Inf,Inf,Inf,Inf,Inf,Inf,Inf,Inf,Inf,354.433333333333,NA,NA,NA,NA,NA,NA,2887,1773,NA
1,10,100,0.0139495079396242,TRUE,1e-04,FALSE,473.343333333333,373.343333333333,0,1,485.7,Inf,Inf,Inf,Inf,Inf,Inf,Inf,Inf,Inf,385.7,1401.5,1085.39393939394,1441.86666666667,1254.38095238095,959.384615384615,1317.41176470588,1353.73913043478,1223.76666666667,1140.56666666667
0,2,100,0.0164754897244207,TRUE,1e-04,FALSE,320.826666666667,220.826666666667,0,1,320.826666666667,Inf,NA,NA,NA,NA,NA,NA,NA,NA,220.826666666667,1404.2,NA,NA,NA,NA,NA,NA,NA,NA
1,2,100,0.0164754897244207,TRUE,1e-04,FALSE,346.166666666667,246.166666666667,0,1,347.743333333333,Inf,NA,NA,NA,NA,NA,NA,NA,NA,247.743333333333,939.807692307692,NA,NA,NA,NA,NA,NA,NA,NA
0,10,100,0.0164754897244207,TRUE,1e-04,FALSE,373.573333333333,273.573333333333,0,1,373.573333333333,Inf,Inf,Inf,Inf,Inf,Inf,Inf,Inf,Inf,273.573333333333,2662,NA,1287,NA,NA,2315,1903,239,NA
1,10,100,0.0164754897244207,TRUE,1e-04,FALSE,408.766666666667,308.766666666667,0,1,411.143333333333,Inf,Inf,Inf,Inf,Inf,Inf,Inf,Inf,Inf,311.143333333333,1458.47826086957,1133.5,1428.87096774194,1078.36363636364,1320.38888888889,1268.92592592593,1258.95833333333,1118.5652173913,1114.35
0,2,100,0.0194588771757639,TRUE,1e-04,FALSE,276.083333333333,176.083333333333,0,1,276.083333333333,Inf,NA,NA,NA,NA,NA,NA,NA,NA,176.083333333333,1452.2,NA,NA,NA,NA,NA,NA,NA,NA
1,2,100,0.0194588771757639,TRUE,1e-04,FALSE,294.943333333333,194.943333333333,0,1,296.033333333333,Inf,NA,NA,NA,NA,NA,NA,NA,NA,196.033333333333,1237.91666666667,NA,NA,NA,NA,NA,NA,NA,NA
0,10,100,0.0194588771757639,TRUE,1e-04,FALSE,317.8,217.8,0,1,317.8,Inf,Inf,Inf,Inf,Inf,Inf,Inf,Inf,Inf,217.8,2493,NA,1085,948,1640,2872,1481,NA,1604
1,10,100,0.0194588771757639,TRUE,1e-04,FALSE,351.513333333333,251.513333333333,0,1,354.943333333333,Inf,Inf,Inf,Inf,Inf,Inf,Inf,Inf,Inf,254.943333333333,1353.68,1004.85714285714,1148.92592592593,1099.65217391304,1491.96296296296,1406.15151515152,1407.13636363636,1214.04545454545,1243.13636363636
0,2,100,0.0229824974720003,TRUE,1e-04,FALSE,246.376666666667,146.376666666667,0,1,246.376666666667,Inf,NA,NA,NA,NA,NA,NA,NA,NA,146.376666666667,1208.75,NA,NA,NA,NA,NA,NA,NA,NA
1,2,100,0.0229824974720003,TRUE,1e-04,FALSE,268.26,168.26,0,1,269.06,Inf,NA,NA,NA,NA,NA,NA,NA,NA,169.06,1196.50819672131,NA,NA,NA,NA,NA,NA,NA,NA
0,10,100,0.0229824974720003,TRUE,1e-04,FALSE,285.18,185.18,0,1,285.18,Inf,Inf,Inf,Inf,Inf,Inf,Inf,Inf,Inf,185.18,2631.5,633,1874,NA,NA,2715,2776,1799,2721
1,10,100,0.0229824974720003,TRUE,1e-04,FALSE,289.026666666667,189.026666666667,0,1,291.97,Inf,Inf,Inf,Inf,Inf,Inf,Inf,Inf,Inf,191.97,1207.95833333333,1373.76923076923,1301.5625,960.961538461538,954.571428571429,1048.55,1135.88461538462,963.882352941176,1261.92
0,2,100,0.0271441761659491,TRUE,1e-04,FALSE,214.97,114.97,0,1,214.97,Inf,NA,NA,NA,NA,NA,NA,NA,NA,114.97,1393.11111111111,NA,NA,NA,NA,NA,NA,NA,NA
1,2,100,0.0271441761659491,TRUE,1e-04,FALSE,230.75,130.75,0,1,231.65,Inf,NA,NA,NA,NA,NA,NA,NA,NA,131.65,1092.10909090909,NA,NA,NA,NA,NA,NA,NA,NA
0,10,100,0.0271441761659491,TRUE,1e-04,FALSE,248.523333333333,148.523333333333,0,1,248.523333333333,Inf,Inf,Inf,Inf,Inf,Inf,Inf,Inf,Inf,148.523333333333,1286,2281,679,1979,2427,163,NA,NA,NA
1,10,100,0.0271441761659491,TRUE,1e-04,FALSE,253.716666666667,153.716666666667,0,1,255.4,Inf,Inf,Inf,Inf,Inf,Inf,Inf,Inf,Inf,155.4,1313.31034482759,1161.96666666667,1169.1724137931,1225.63333333333,1062,1308.51515151515,1013.5,1002.10344827586,1144.26086956522
0,2,100,0.0320594530958062,TRUE,1e-04,FALSE,200.52,100.52,0,1,200.52,Inf,NA,NA,NA,NA,NA,NA,NA,NA,100.52,1968.55555555556,NA,NA,NA,NA,NA,NA,NA,NA
1,2,100,0.0320594530958062,TRUE,1e-04,FALSE,206.796666666667,106.796666666667,0,1,206.876666666667,Inf,NA,NA,NA,NA,NA,NA,NA,NA,106.876666666667,1141.36363636364,NA,NA,NA,NA,NA,NA,NA,NA
0,10,100,0.0320594530958062,TRUE,1e-04,FALSE,223.653333333333,123.653333333333,0,1,223.653333333333,Inf,Inf,Inf,Inf,Inf,Inf,Inf,Inf,Inf,123.653333333333,NA,1751,NA,2013,1234,1372,2167.66666666667,NA,NA
1,10,100,0.0320594530958062,TRUE,1e-04,FALSE,232.513333333333,132.513333333333,0,1,233.473333333333,Inf,Inf,Inf,Inf,Inf,Inf,Inf,Inf,Inf,133.473333333333,1183.84375,924.971428571429,930.6,1245.48648648649,1192.26923076923,816.65,1145.91666666667,1385.12121212121,1257.24
0,2,100,0.0378647900941465,TRUE,1e-04,FALSE,183.756666666667,83.7566666666667,0,1,183.756666666667,Inf,NA,NA,NA,NA,NA,NA,NA,NA,83.7566666666667,1595.125,NA,NA,NA,NA,NA,NA,NA,NA
1,2,100,0.0378647900941465,TRUE,1e-04,FALSE,190.2,90.2,0,1,190.806666666667,Inf,NA,NA,NA,NA,NA,NA,NA,NA,90.8066666666667,1136.96428571429,NA,NA,NA,NA,NA,NA,NA,NA
0,10,100,0.0378647900941465,TRUE,1e-04,FALSE,203.693333333333,103.693333333333,0,1,203.693333333333,Inf,Inf,Inf,Inf,Inf,Inf,Inf,Inf,Inf,103.693333333333,1455,NA,NA,1639,NA,2773,NA,1716,NA
1,10,100,0.0378647900941465,TRUE,1e-04,FALSE,210.65,110.65,0,1,211.306666666667,Inf,Inf,Inf,Inf,Inf,Inf,Inf,Inf,Inf,111.306666666667,914.807692307692,1001.5,1585.5625,1369.44444444444,1296.5,814.583333333333,1644.33333333333,1209.11111111111,1110.69230769231
0,2,100,0.0447213595499958,TRUE,1e-04,FALSE,169.596666666667,69.5966666666667,0,1,169.596666666667,Inf,NA,NA,NA,NA,NA,NA,NA,NA,69.5966666666667,1999,NA,NA,NA,NA,NA,NA,NA,NA
1,2,100,0.0447213595499958,TRUE,1e-04,FALSE,174.656666666667,74.6566666666667,0,1,174.656666666667,Inf,NA,NA,NA,NA,NA,NA,NA,NA,74.6566666666667,1118.95652173913,NA,NA,NA,NA,NA,NA,NA,NA
0,10,100,0.0447213595499958,TRUE,1e-04,FALSE,185.703333333333,85.7033333333333,0,1,185.703333333333,Inf,Inf,Inf,Inf,Inf,Inf,Inf,Inf,Inf,85.7033333333333,NA,2420,NA,906,NA,1475,162,1537.5,NA
1,10,100,0.0447213595499958,TRUE,1e-04,FALSE,194.856666666667,94.8566666666667,0,1,195.096666666667,Inf,Inf,Inf,Inf,Inf,Inf,Inf,Inf,Inf,95.0966666666667,1007.44,1118.14285714286,1289.71428571429,1198.75,1166.2,1051.17857142857,1036.57142857143,1221.57692307692,1001.55172413793
0,2,100,0.05281951900505,TRUE,1e-04,FALSE,159.683333333333,59.6833333333333,0,1,159.683333333333,Inf,NA,NA,NA,NA,NA,NA,NA,NA,59.6833333333333,1473.75,NA,NA,NA,NA,NA,NA,NA,NA
1,2,100,0.05281951900505,TRUE,1e-04,FALSE,162.583333333333,62.5966666666667,0.00333333333333333,1,162.596666666667,Inf,NA,NA,NA,NA,NA,NA,NA,NA,62.5966666666667,1141.14285714286,NA,NA,NA,NA,NA,NA,NA,NA
0,10,100,0.05281951900505,TRUE,1e-04,FALSE,173.326666666667,73.3266666666667,0,1,173.326666666667,Inf,Inf,Inf,Inf,Inf,Inf,Inf,Inf,Inf,73.3266666666667,2362,NA,1969,1264,1596.5,274,1871,NA,NA
1,10,100,0.05281951900505,TRUE,1e-04,FALSE,179.98,79.98,0,1,179.98,Inf,Inf,Inf,Inf,Inf,Inf,Inf,Inf,Inf,79.98,1546.24,1074,1070.41379310345,1186.96,1138.76,1258.29166666667,994.809523809524,1344,1203.75
0,2,100,0.0623840960113455,TRUE,1e-04,FALSE,150.51,50.51,0,1,150.51,Inf,NA,NA,NA,NA,NA,NA,NA,NA,50.51,2559.2,NA,NA,NA,NA,NA,NA,NA,NA
1,2,100,0.0623840960113455,TRUE,1e-04,FALSE,153.41,53.41,0,1,153.41,Inf,NA,NA,NA,NA,NA,NA,NA,NA,53.41,950.596153846154,NA,NA,NA,NA,NA,NA,NA,NA
0,10,100,0.0623840960113455,TRUE,1e-04,FALSE,162.746666666667,62.7466666666667,0,1,162.746666666667,Inf,Inf,Inf,Inf,Inf,Inf,Inf,Inf,Inf,62.7466666666667,NA,NA,2747,NA,2687,NA,2427,NA,NA
1,10,100,0.0623840960113455,TRUE,1e-04,FALSE,167.116666666667,67.1166666666667,0,1,167.243333333333,Inf,Inf,Inf,Inf,Inf,Inf,Inf,Inf,Inf,67.2433333333333,1224.96296296296,1195.9,990.521739130435,1115.64705882353,1485.90909090909,1420.3125,1219.2,1069.88461538462,1033.76
0,2,100,0.0736806299728077,TRUE,1e-04,FALSE,143.28,43.28,0,1,143.28,Inf,NA,NA,NA,NA,NA,NA,NA,NA,43.28,1721.5,NA,NA,NA,NA,NA,NA,NA,NA
1,2,100,0.0736806299728077,TRUE,1e-04,FALSE,145.136666666667,45.1366666666667,0,1,145.136666666667,Inf,NA,NA,NA,NA,NA,NA,NA,NA,45.1366666666667,1092.11475409836,NA,NA,NA,NA,NA,NA,NA,NA
0,10,100,0.0736806299728077,TRUE,1e-04,FALSE,153.43,53.43,0,1,153.43,Inf,Inf,Inf,Inf,Inf,Inf,Inf,Inf,Inf,53.43,866,NA,1168,1209,2600,1754,NA,NA,NA
1,10,100,0.0736806299728077,TRUE,1e-04,FALSE,156.13,56.13,0,1,156.13,Inf,Inf,Inf,Inf,Inf,Inf,Inf,Inf,Inf,56.13,1268.11111111111,1219.96428571429,1345.44,1207.58620689655,1012.66666666667,1149.03846153846,1275.25,1190.61904761905,1146.34615384615
0,2,100,0.0870227442616544,TRUE,1e-04,FALSE,136.373333333333,36.3733333333333,0,1,136.373333333333,Inf,NA,NA,NA,NA,NA,NA,NA,NA,36.3733333333333,1704.6,NA,NA,NA,NA,NA,NA,NA,NA
1,2,100,0.0870227442616544,TRUE,1e-04,FALSE,140.45,40.45,0,1,140.456666666667,Inf,NA,NA,NA,NA,NA,NA,NA,NA,40.4566666666667,1269.64285714286,NA,NA,NA,NA,NA,NA,NA,NA
0,10,100,0.0870227442616544,TRUE,1e-04,FALSE,145.26,45.26,0,1,145.26,Inf,Inf,Inf,Inf,Inf,Inf,Inf,Inf,Inf,45.26,NA,NA,NA,1446,1616,2620,NA,NA,2023
1,10,100,0.0870227442616544,TRUE,1e-04,FALSE,148.313333333333,48.3133333333333,0,1,148.313333333333,Inf,Inf,Inf,Inf,Inf,Inf,Inf,Inf,Inf,48.3133333333333,889.333333333333,1368.53846153846,1377.24137931034,1182.61904761905,1303.64,1312.86956521739,1226.33333333333,1263.28571428571,1120.93939393939
0,2,100,0.102780853280219,TRUE,1e-04,FALSE,131.456666666667,31.4566666666667,0,1,131.456666666667,Inf,NA,NA,NA,NA,NA,NA,NA,NA,31.4566666666667,1637.5,NA,NA,NA,NA,NA,NA,NA,NA
1,2,100,0.102780853280219,TRUE,1e-04,FALSE,133.883333333333,33.8833333333333,0,1,133.883333333333,Inf,NA,NA,NA,NA,NA,NA,NA,NA,33.8833333333333,1183.68518518519,NA,NA,NA,NA,NA,NA,NA,NA
0,10,100,0.102780853280219,TRUE,1e-04,FALSE,138.32,38.32,0,1,138.32,Inf,Inf,Inf,Inf,Inf,Inf,Inf,Inf,Inf,38.32,786,852,2331,1397,NA,NA,1660,1354,NA
1,10,100,0.102780853280219,TRUE,1e-04,FALSE,141.253333333333,41.2533333333333,0,1,141.253333333333,Inf,Inf,Inf,Inf,Inf,Inf,Inf,Inf,Inf,41.2533333333333,1093.36,1102.95833333333,1491.11538461538,1111.2962962963,1070.875,754.826086956522,1203.46153846154,1123.37931034483,1147.81818181818
0,2,100,0.121392446200583,TRUE,1e-04,FALSE,127.443333333333,27.4433333333333,0,1,127.443333333333,Inf,NA,NA,NA,NA,NA,NA,NA,NA,27.4433333333333,1463.1,NA,NA,NA,NA,NA,NA,NA,NA
1,2,100,0.121392446200583,TRUE,1e-04,FALSE,129.236666666667,29.3533333333333,0.00333333333333333,1,129.236666666667,Inf,NA,NA,NA,NA,NA,NA,NA,NA,29.3533333333333,1037.07407407407,NA,NA,NA,NA,NA,NA,NA,NA
0,10,100,0.121392446200583,TRUE,1e-04,FALSE,132.853333333333,32.8533333333333,0,1,132.853333333333,Inf,Inf,Inf,Inf,Inf,Inf,Inf,Inf,Inf,32.8533333333333,1054.5,1568,NA,551,1501,NA,NA,2101,1831
1,10,100,0.121392446200583,TRUE,1e-04,FALSE,135.27,35.27,0,1,135.27,Inf,Inf,Inf,Inf,Inf,Inf,Inf,Inf,Inf,35.27,1199.68181818182,1244.36,1234.26666666667,1473.4,1456.83333333333,1191.51851851852,1238,1241.93939393939,1219.08333333333
0,2,100,0.143374232887377,TRUE,1e-04,FALSE,123.893333333333,23.8933333333333,0,1,123.893333333333,Inf,NA,NA,NA,NA,NA,NA,NA,NA,23.8933333333333,1469.4,NA,NA,NA,NA,NA,NA,NA,NA
1,2,100,0.143374232887377,TRUE,1e-04,FALSE,125.406666666667,25.4066666666667,0,1,125.406666666667,Inf,NA,NA,NA,NA,NA,NA,NA,NA,25.4066666666667,1195.32558139535,NA,NA,NA,NA,NA,NA,NA,NA
0,10,100,0.143374232887377,TRUE,1e-04,FALSE,129.363333333333,29.3633333333333,0,1,129.363333333333,Inf,Inf,Inf,Inf,Inf,Inf,Inf,Inf,Inf,29.3633333333333,1249,1423,NA,695.333333333333,2663.5,NA,NA,NA,2115
1,10,100,0.143374232887377,TRUE,1e-04,FALSE,131.21,31.21,0,1,131.21,Inf,Inf,Inf,Inf,Inf,Inf,Inf,Inf,Inf,31.21,1453.77777777778,923.583333333333,1126,1135.7,897.666666666667,1132.09523809524,1207.6,1117.61290322581,892.346153846154
0,2,100,0.169336489208544,TRUE,1e-04,FALSE,120.346666666667,20.3466666666667,0,1,120.346666666667,Inf,NA,NA,NA,NA,NA,NA,NA,NA,20.3466666666667,1644,NA,NA,NA,NA,NA,NA,NA,NA
1,2,100,0.169336489208544,TRUE,1e-04,FALSE,122.18,22.18,0,1,122.19,Inf,NA,NA,NA,NA,NA,NA,NA,NA,22.19,1177.76785714286,NA,NA,NA,NA,NA,NA,NA,NA
0,10,100,0.169336489208544,TRUE,1e-04,FALSE,124.846666666667,24.8466666666667,0,1,124.846666666667,Inf,Inf,Inf,Inf,Inf,Inf,Inf,Inf,Inf,24.8466666666667,NA,1804,NA,1599,1093.5,NA,NA,NA,2627
1,10,100,0.169336489208544,TRUE,1e-04,FALSE,127.16,27.16,0,1,127.16,Inf,Inf,Inf,Inf,Inf,Inf,Inf,Inf,Inf,27.16,1138.64,938.333333333333,990.44,1183.37037037037,1300.2,1257.6875,1229.27272727273,1131,1220.625
0,2,100,0.2,TRUE,1e-04,FALSE,118.44,18.44,0,1,118.44,Inf,NA,NA,NA,NA,NA,NA,NA,NA,18.44,1574.25,NA,NA,NA,NA,NA,NA,NA,NA
1,2,100,0.2,TRUE,1e-04,FALSE,119.646666666667,19.6466666666667,0,1,119.65,Inf,NA,NA,NA,NA,NA,NA,NA,NA,19.65,1118.39344262295,NA,NA,NA,NA,NA,NA,NA,NA
0,10,100,0.2,TRUE,1e-04,FALSE,122.323333333333,22.3233333333333,0,1,122.323333333333,Inf,Inf,Inf,Inf,Inf,Inf,Inf,Inf,Inf,22.3233333333333,2037,2001,NA,2781.25,NA,1268.33333333333,NA,NA,1240.5
1,10,100,0.2,TRUE,1e-04,FALSE,123.643333333333,23.6433333333333,0,1,123.65,Inf,Inf,Inf,Inf,Inf,Inf,Inf,Inf,Inf,23.65,1330.2,1256.52173913043,948.214285714286,809.04347826087,1422.31818181818,1219.16,1430.61538461538,1096.73076923077,1113.88888888889
